episode:,reward
0,0.0
0,0.0
0,103.0
1,-28.0
2,-684.0
3,72.0
4,503.0
5,-656.0
6,-675.0
7,-688.0
8,-439.0
9,729.0
10,292.0
11,493.0
12,417.0
13,826.0
14,-176.0
15,100.0
16,635.0
17,621.0
18,-35.0
19,878.0
20,30.0
21,397.0
22,188.0
23,414.0
24,122.0
25,103.0
26,-74.0
27,401.0
28,16.0
29,-85.0
30,295.0
31,-126.0
32,441.0
33,263.0
34,-48.0
35,429.0
36,-65.0
37,329.0
38,152.0
39,493.0
40,44.0
41,400.0
42,-144.0
43,85.0
44,168.0
45,26.0
46,0.0
47,338.0
48,-51.0
49,595.0
50,633.0
51,218.0
52,825.0
53,716.0
54,493.0
55,20.0
56,-232.0
57,539.0
58,65.0
59,497.0
60,613.0
61,586.0
62,87.0
63,200.0
64,512.0
65,39.0
66,278.0
67,108.0
68,284.0
69,293.0
70,-54.0
71,563.0
72,493.0
73,148.0
74,367.0
75,720.0
76,443.0
77,376.0
78,-33.0
79,116.0
80,356.0
81,531.0
82,174.0
83,548.0
84,-88.0
85,497.0
86,849.0
87,-11.0
88,246.0
89,1037.0
90,104.0
91,621.0
92,236.0
93,60.0
94,-150.0
95,654.0
96,519.0
97,666.0
98,523.0
99,369.0
100,682.0
101,13.0
102,140.0
103,962.0
104,624.0
105,591.0
106,483.0
107,781.0
108,628.0
109,378.0
110,758.0
111,167.0
112,511.0
113,1197.0
114,872.0
115,875.0
116,898.0
117,716.0
118,845.0
119,204.0
120,878.0
121,459.0
122,480.0
123,936.0
124,1011.0
125,836.0
126,582.0
127,-133.0
128,233.0
129,617.0
130,558.0
131,-61.0
132,84.0
133,100.0
134,123.0
135,243.0
136,637.0
137,646.0
138,495.0
139,941.0
140,-122.0
141,81.0
142,-10.0
143,404.0
144,638.0
145,595.0
146,819.0
147,441.0
148,316.0
149,300.0
150,1118.0
151,733.0
152,357.0
153,110.0
154,-319.0
155,56.0
156,317.0
157,74.0
158,401.0
159,459.0
160,-223.0
161,945.0
162,313.0
163,700.0
164,92.0
165,603.0
166,456.0
167,1006.0
168,383.0
169,19.0
170,992.0
171,766.0
172,52.0
173,898.0
174,174.0
175,638.0
176,91.0
177,-22.0
178,349.0
179,505.0
180,863.0
181,130.0
182,10.0
183,262.0
184,50.0
185,289.0
186,81.0
187,842.0
188,1040.0
189,302.0
190,-92.0
191,365.0
192,819.0
193,-21.0
194,563.0
195,128.0
196,84.0
197,616.0
198,730.0
199,209.0
200,758.0
201,531.0
202,429.0
203,503.0
204,802.0
205,788.0
206,61.0
207,144.0
208,780.0
209,656.0
210,1101.0
211,-13.0
212,453.0
213,750.0
214,33.0
215,547.0
216,320.0
217,437.0
218,192.0
219,333.0
220,481.0
221,5.0
222,23.0
223,667.0
224,448.0
225,-1.0
226,1061.0
227,558.0
228,566.0
229,166.0
230,324.0
231,234.0
232,517.0
233,316.0
234,628.0
235,73.0
236,151.0
237,-10.0
238,333.0
239,111.0
240,215.0
241,245.0
242,210.0
243,170.0
244,559.0
245,512.0
246,-84.0
247,593.0
248,4.0
249,478.0
250,303.0
251,275.0
252,355.0
253,300.0
254,261.0
255,310.0
256,232.0
257,31.0
258,879.0
259,592.0
260,239.0
261,184.0
262,16.0
263,407.0
264,426.0
265,700.0
266,196.0
267,314.0
268,361.0
269,645.0
270,336.0
271,870.0
272,251.0
273,717.0
274,420.0
275,530.0
276,615.0
277,640.0
278,-484.0
279,969.0
280,468.0
281,442.0
282,666.0
283,822.0
284,942.0
285,-17.0
286,337.0
287,341.0
288,194.0
289,921.0
290,901.0
291,1007.0
292,156.0
293,804.0
294,183.0
295,377.0
296,412.0
297,611.0
298,382.0
299,981.0
300,402.0
301,966.0
302,529.0
303,342.0
304,1096.0
305,-26.0
306,248.0
307,421.0
308,360.0
309,803.0
310,898.0
311,1012.0
312,360.0
313,182.0
314,510.0
315,601.0
316,661.0
317,579.0
318,385.0
319,539.0
320,1070.0
321,854.0
322,671.0
323,847.0
324,314.0
325,417.0
326,685.0
327,217.0
328,420.0
329,828.0
330,1133.0
331,1082.0
332,908.0
333,627.0
334,710.0
335,1078.0
336,497.0
337,614.0
338,524.0
339,1122.0
340,602.0
341,961.0
342,573.0
343,641.0
344,366.0
345,583.0
346,885.0
347,311.0
348,969.0
349,593.0
350,538.0
351,562.0
352,871.0
353,408.0
354,353.0
355,761.0
356,1198.0
357,876.0
358,783.0
359,861.0
360,1149.0
361,443.0
362,701.0
363,895.0
364,635.0
365,406.0
366,673.0
367,874.0
368,1183.0
369,541.0
370,609.0
371,1248.0
372,819.0
373,398.0
374,640.0
375,263.0
376,795.0
377,1074.0
378,758.0
379,675.0
380,561.0
381,883.0
382,664.0
383,1151.0
384,509.0
385,323.0
386,1159.0
387,575.0
388,460.0
389,919.0
390,681.0
391,772.0
392,537.0
393,503.0
394,1134.0
395,506.0
396,617.0
397,193.0
398,654.0
399,630.0
400,1011.0
401,507.0
402,462.0
403,840.0
404,592.0
405,748.0
406,485.0
407,1032.0
408,971.0
409,561.0
410,778.0
411,529.0
412,616.0
413,674.0
414,880.0
415,1015.0
416,781.0
417,1228.0
418,508.0
419,1097.0
420,921.0
421,495.0
422,1155.0
423,1082.0
424,571.0
425,545.0
426,598.0
427,591.0
428,941.0
429,721.0
430,1135.0
431,856.0
432,777.0
433,610.0
434,190.0
435,542.0
436,870.0
437,1145.0
438,326.0
439,961.0
440,1035.0
441,334.0
442,581.0
443,553.0
444,464.0
445,800.0
446,280.0
447,420.0
448,628.0
449,437.0
450,1112.0
451,948.0
452,678.0
453,1082.0
454,503.0
455,501.0
456,719.0
457,745.0
458,643.0
459,503.0
460,616.0
461,1151.0
462,1085.0
463,973.0
464,845.0
465,465.0
466,-267.0
467,817.0
468,884.0
469,781.0
470,504.0
471,747.0
472,529.0
473,516.0
474,528.0
475,497.0
476,778.0
477,742.0
478,802.0
479,750.0
480,827.0
481,488.0
482,1104.0
483,581.0
484,741.0
485,1111.0
486,527.0
487,912.0
488,611.0
489,651.0
490,1065.0
491,830.0
492,579.0
493,617.0
494,1068.0
495,502.0
496,555.0
497,757.0
498,356.0
499,785.0
500,1157.0
501,534.0
502,751.0
503,710.0
504,1211.0
505,315.0
506,641.0
507,920.0
508,1123.0
509,640.0
510,794.0
511,976.0
512,1068.0
513,1314.0
514,223.0
515,637.0
516,972.0
517,650.0
518,446.0
519,298.0
520,210.0
521,709.0
522,500.0
523,49.0
524,1031.0
525,85.0
526,1084.0
527,1084.0
528,413.0
529,619.0
530,503.0
531,432.0
532,-130.0
533,750.0
534,525.0
535,-227.0
536,-30.0
537,859.0
538,1134.0
539,609.0
540,49.0
541,634.0
542,924.0
543,-64.0
544,388.0
545,984.0
546,606.0
547,819.0
548,1130.0
549,964.0
550,1045.0
551,508.0
552,497.0
553,611.0
554,893.0
555,779.0
556,773.0
557,514.0
558,-5.0
559,497.0
560,-206.0
561,747.0
562,-272.0
563,1000.0
564,494.0
565,531.0
566,623.0
567,607.0
568,-165.0
569,-101.0
570,-34.0
571,864.0
572,735.0
573,507.0
574,734.0
575,34.0
576,594.0
577,852.0
578,587.0
579,-431.0
580,620.0
581,1046.0
582,24.0
583,654.0
584,1111.0
585,501.0
586,880.0
587,520.0
588,-189.0
589,1055.0
590,819.0
591,615.0
592,973.0
593,463.0
594,962.0
595,930.0
596,600.0
597,1082.0
598,390.0
599,805.0
600,514.0
601,693.0
602,563.0
603,897.0
604,1033.0
605,643.0
606,503.0
607,738.0
608,504.0
609,582.0
610,349.0
611,1089.0
612,747.0
613,585.0
614,769.0
615,566.0
616,762.0
617,952.0
618,594.0
619,702.0
620,559.0
621,698.0
622,845.0
623,-70.0
624,1015.0
625,500.0
626,1179.0
627,1093.0
628,999.0
629,507.0
630,841.0
631,591.0
632,775.0
633,787.0
634,850.0
635,1055.0
636,39.0
637,912.0
638,912.0
639,579.0
640,633.0
641,671.0
642,957.0
643,751.0
644,-223.0
645,510.0
646,503.0
647,882.0
648,839.0
649,507.0
650,251.0
651,650.0
652,762.0
653,978.0
654,718.0
655,-262.0
656,561.0
657,649.0
658,618.0
659,602.0
660,1011.0
661,607.0
662,363.0
663,1093.0
664,1139.0
665,506.0
666,636.0
667,190.0
668,548.0
669,669.0
670,641.0
671,1159.0
672,668.0
673,643.0
674,994.0
675,1023.0
676,621.0
677,449.0
678,681.0
679,1079.0
680,950.0
681,931.0
682,953.0
683,644.0
684,595.0
685,605.0
686,1101.0
687,509.0
688,859.0
689,711.0
690,224.0
691,750.0
692,730.0
693,658.0
694,-207.0
695,206.0
696,1133.0
697,972.0
698,716.0
699,439.0
700,363.0
701,40.0
702,454.0
703,469.0
704,696.0
705,543.0
706,709.0
707,502.0
708,513.0
709,680.0
710,571.0
711,586.0
712,560.0
713,690.0
714,161.0
715,1053.0
716,729.0
717,591.0
718,984.0
719,197.0
720,284.0
721,442.0
722,448.0
723,497.0
724,912.0
725,770.0
726,507.0
727,313.0
728,718.0
729,894.0
730,614.0
731,568.0
732,1036.0
733,325.0
734,865.0
735,1104.0
736,895.0
737,1051.0
738,782.0
739,333.0
740,1067.0
741,599.0
742,554.0
743,362.0
744,1186.0
745,645.0
746,837.0
747,533.0
748,347.0
749,507.0
750,663.0
751,698.0
752,990.0
753,427.0
754,722.0
755,-104.0
756,729.0
757,1153.0
758,580.0
759,929.0
760,1042.0
761,606.0
762,1006.0
763,1126.0
764,468.0
765,461.0
766,487.0
767,528.0
768,560.0
769,255.0
770,493.0
771,163.0
772,385.0
773,1147.0
774,857.0
775,396.0
776,828.0
777,684.0
778,498.0
779,911.0
780,132.0
781,-73.0
782,-465.0
783,916.0
784,753.0
785,499.0
786,742.0
787,56.0
788,957.0
789,981.0
790,345.0
791,215.0
792,141.0
793,512.0
794,881.0
795,523.0
796,1071.0
797,551.0
798,405.0
799,609.0
800,432.0
801,807.0
802,741.0
803,503.0
804,640.0
805,908.0
806,344.0
807,668.0
808,-68.0
809,-166.0
810,935.0
811,323.0
812,-11.0
813,-406.0
814,336.0
815,-506.0
816,791.0
817,169.0
818,403.0
819,765.0
820,-379.0
821,-83.0
822,574.0
823,1017.0
824,989.0
825,-121.0
826,865.0
827,-386.0
828,149.0
829,173.0
830,587.0
831,365.0
832,664.0
833,614.0
834,297.0
835,838.0
836,591.0
837,987.0
838,-38.0
839,358.0
840,-119.0
841,-14.0
842,644.0
843,634.0
844,135.0
845,336.0
846,751.0
847,637.0
848,1024.0
849,471.0
850,470.0
851,1054.0
852,729.0
853,1101.0
854,633.0
855,908.0
856,134.0
857,389.0
858,673.0
859,-3.0
860,1061.0
861,344.0
862,523.0
863,-174.0
864,491.0
865,1143.0
866,976.0
867,416.0
868,650.0
869,761.0
870,743.0
871,515.0
872,986.0
873,887.0
874,916.0
875,324.0
876,978.0
877,644.0
878,493.0
879,497.0
880,954.0
881,188.0
882,357.0
883,791.0
884,713.0
885,889.0
886,-130.0
887,988.0
888,311.0
889,582.0
890,1128.0
891,16.0
892,79.0
893,1014.0
894,-178.0
895,-36.0
896,507.0
897,862.0
898,730.0
899,890.0
900,659.0
901,503.0
902,817.0
903,398.0
904,668.0
905,701.0
906,211.0
907,-214.0
908,774.0
909,826.0
910,22.0
911,797.0
912,-19.0
913,595.0
914,-143.0
915,51.0
916,-230.0
917,618.0
918,-54.0
919,721.0
920,733.0
921,-115.0
922,633.0
923,-192.0
924,499.0
925,969.0
926,571.0
927,43.0
928,561.0
929,267.0
930,493.0
931,135.0
932,4.0
933,907.0
934,603.0
935,593.0
936,-149.0
937,557.0
938,98.0
939,546.0
940,858.0
941,548.0
942,722.0
943,818.0
944,1008.0
945,442.0
946,1055.0
947,502.0
948,503.0
949,261.0
950,975.0
951,552.0
952,1002.0
953,70.0
954,547.0
955,233.0
956,-27.0
957,1023.0
958,971.0
959,419.0
960,19.0
961,493.0
962,194.0
963,536.0
964,79.0
965,103.0
966,473.0
967,589.0
968,1104.0
969,29.0
970,944.0
971,571.0
972,14.0
973,622.0
974,775.0
975,82.0
976,-107.0
977,820.0
978,696.0
979,39.0
980,164.0
981,7.0
982,-6.0
983,620.0
984,641.0
985,438.0
986,111.0
987,912.0
988,893.0
989,-156.0
990,-233.0
991,575.0
992,746.0
993,1029.0
994,233.0
995,-12.0
996,-75.0
997,96.0
998,958.0
999,559.0
1000,997.0
1001,547.0
1002,958.0
1003,699.0
1004,545.0
1005,545.0
1006,600.0
1007,928.0
1008,1057.0
1009,737.0
1010,212.0
1011,193.0
1012,299.0
1013,172.0
1014,1124.0
1015,613.0
1016,795.0
1017,671.0
1018,744.0
1019,749.0
1020,581.0
1021,497.0
1022,428.0
1023,874.0
1024,46.0
1025,497.0
1026,824.0
1027,497.0
1028,1084.0
1029,24.0
1030,893.0
1031,268.0
1032,507.0
1033,507.0
1034,933.0
1035,172.0
1036,1021.0
1037,583.0
1038,1133.0
1039,238.0
1040,745.0
1041,297.0
1042,635.0
1043,-77.0
1044,736.0
1045,849.0
1046,85.0
1047,491.0
1048,620.0
1049,689.0
1050,857.0
1051,301.0
1052,557.0
1053,873.0
1054,943.0
1055,659.0
1056,586.0
1057,794.0
1058,557.0
1059,503.0
1060,175.0
1061,950.0
1062,544.0
1063,332.0
1064,503.0
1065,507.0
1066,709.0
1067,938.0
1068,602.0
1069,737.0
1070,824.0
1071,909.0
1072,665.0
1073,219.0
1074,514.0
1075,359.0
1076,602.0
1077,89.0
1078,493.0
1079,346.0
1080,391.0
1081,462.0
1082,1022.0
1083,1081.0
1084,1074.0
1085,914.0
1086,669.0
1087,589.0
1088,1261.0
1089,40.0
1090,672.0
1091,780.0
1092,904.0
1093,916.0
1094,540.0
1095,837.0
1096,916.0
1097,498.0
1098,527.0
1099,805.0
1100,695.0
1101,515.0
1102,60.0
1103,621.0
1104,742.0
1105,776.0
1106,589.0
1107,783.0
1108,1073.0
1109,287.0
1110,461.0
1111,342.0
1112,678.0
1113,943.0
1114,579.0
1115,708.0
1116,17.0
1117,1146.0
1118,322.0
1119,530.0
1120,561.0
1121,644.0
1122,904.0
1123,744.0
1124,493.0
1125,327.0
1126,459.0
1127,847.0
1128,933.0
1129,404.0
1130,1025.0
1131,642.0
1132,335.0
1133,580.0
1134,-68.0
1135,956.0
1136,773.0
1137,1010.0
1138,853.0
1139,676.0
1140,869.0
1141,-84.0
1142,19.0
1143,396.0
1144,699.0
1145,516.0
1146,918.0
1147,561.0
1148,724.0
1149,233.0
1150,525.0
1151,-105.0
1152,783.0
1153,-269.0
1154,493.0
1155,506.0
1156,663.0
1157,355.0
1158,202.0
1159,142.0
1160,684.0
1161,555.0
1162,802.0
1163,464.0
1164,-188.0
1165,616.0
1166,495.0
1167,977.0
1168,581.0
1169,221.0
1170,270.0
1171,506.0
1172,290.0
1173,93.0
1174,6.0
1175,253.0
1176,644.0
1177,536.0
1178,627.0
1179,583.0
1180,1053.0
1181,507.0
1182,488.0
1183,575.0
1184,644.0
1185,807.0
1186,805.0
1187,631.0
1188,525.0
1189,1102.0
1190,618.0
1191,947.0
1192,-69.0
1193,14.0
1194,620.0
1195,585.0
1196,553.0
1197,956.0
1198,753.0
1199,1024.0
1200,840.0
1201,830.0
1202,1047.0
1203,503.0
1204,-2.0
1205,909.0
1206,867.0
1207,1023.0
1208,557.0
1209,1026.0
1210,752.0
1211,903.0
1212,1013.0
1213,768.0
1214,903.0
1215,1088.0
1216,-179.0
1217,-176.0
1218,276.0
1219,840.0
1220,74.0
1221,634.0
1222,939.0
1223,792.0
1224,497.0
1225,932.0
1226,-11.0
1227,1121.0
1228,254.0
1229,-395.0
1230,672.0
1231,502.0
1232,800.0
1233,803.0
1234,512.0
1235,524.0
1236,623.0
1237,722.0
1238,564.0
1239,443.0
1240,1003.0
1241,935.0
1242,623.0
1243,1029.0
1244,414.0
1245,1048.0
1246,-377.0
1247,665.0
1248,-40.0
1249,793.0
1250,392.0
1251,979.0
1252,547.0
1253,1074.0
1254,941.0
1255,800.0
1256,116.0
1257,51.0
1258,484.0
1259,438.0
1260,723.0
1261,765.0
1262,527.0
1263,916.0
1264,415.0
1265,1002.0
1266,601.0
1267,463.0
1268,629.0
1269,404.0
1270,653.0
1271,7.0
1272,567.0
1273,743.0
1274,344.0
1275,310.0
1276,493.0
1277,286.0
1278,334.0
1279,768.0
1280,333.0
1281,585.0
1282,225.0
1283,363.0
1284,594.0
1285,480.0
1286,86.0
1287,856.0
1288,502.0
1289,403.0
1290,604.0
1291,516.0
1292,423.0
1293,883.0
1294,524.0
1295,1037.0
1296,571.0
1297,985.0
1298,424.0
1299,583.0
1300,601.0
1301,965.0
1302,813.0
1303,764.0
1304,632.0
1305,1019.0
1306,514.0
1307,1027.0
1308,254.0
1309,817.0
1310,670.0
1311,787.0
1312,455.0
1313,259.0
1314,208.0
1315,765.0
1316,489.0
1317,568.0
1318,473.0
1319,351.0
1320,756.0
1321,403.0
1322,835.0
1323,897.0
1324,625.0
1325,603.0
1326,935.0
1327,348.0
1328,40.0
1329,511.0
1330,1053.0
1331,896.0
1332,446.0
1333,571.0
1334,859.0
1335,614.0
1336,887.0
1337,896.0
1338,531.0
1339,464.0
1340,913.0
1341,133.0
1342,957.0
1343,207.0
1344,850.0
1345,952.0
1346,559.0
1347,341.0
1348,529.0
1349,468.0
1350,661.0
1351,331.0
1352,851.0
1353,824.0
1354,542.0
1355,713.0
1356,444.0
1357,672.0
1358,516.0
1359,922.0
1360,234.0
1361,671.0
1362,1163.0
1363,290.0
1364,774.0
1365,569.0
1366,349.0
1367,1085.0
1368,809.0
1369,548.0
1370,995.0
1371,849.0
1372,657.0
1373,456.0
1374,830.0
1375,455.0
1376,687.0
1377,917.0
1378,802.0
1379,523.0
1380,776.0
1381,683.0
1382,486.0
1383,542.0
1384,958.0
1385,843.0
1386,590.0
1387,550.0
1388,816.0
1389,432.0
1390,594.0
1391,595.0
1392,973.0
1393,493.0
1394,622.0
1395,1008.0
1396,1096.0
1397,462.0
1398,413.0
1399,1011.0
1400,944.0
1401,537.0
1402,774.0
1403,512.0
1404,924.0
1405,1015.0
1406,653.0
1407,994.0
1408,602.0
1409,293.0
1410,823.0
1411,1053.0
1412,310.0
1413,721.0
1414,363.0
1415,213.0
1416,361.0
1417,982.0
1418,986.0
1419,488.0
1420,212.0
1421,252.0
1422,855.0
1423,904.0
1424,889.0
1425,493.0
1426,162.0
1427,640.0
1428,884.0
1429,655.0
1430,678.0
1431,307.0
1432,614.0
1433,956.0
1434,891.0
1435,714.0
1436,1161.0
1437,199.0
1438,604.0
1439,1054.0
1440,887.0
1441,533.0
1442,893.0
1443,560.0
1444,-308.0
1445,756.0
1446,790.0
1447,868.0
1448,573.0
1449,800.0
1450,686.0
1451,930.0
1452,565.0
1453,925.0
1454,754.0
1455,902.0
1456,626.0
1457,525.0
1458,1010.0
1459,183.0
1460,490.0
1461,1004.0
1462,-21.0
1463,271.0
1464,1138.0
1465,-21.0
1466,530.0
1467,294.0
1468,629.0
1469,472.0
1470,76.0
1471,551.0
1472,605.0
1473,606.0
1474,1167.0
1475,823.0
1476,1022.0
1477,1111.0
1478,791.0
1479,993.0
1480,71.0
1481,548.0
1482,624.0
1483,752.0
1484,673.0
1485,206.0
1486,1209.0
1487,432.0
1488,443.0
1489,879.0
1490,975.0
1491,630.0
1492,300.0
1493,864.0
1494,885.0
1495,779.0
1496,497.0
1497,923.0
1498,-50.0
1499,436.0
1500,816.0
1501,888.0
1502,497.0
1503,889.0
1504,372.0
1505,858.0
1506,350.0
1507,366.0
1508,502.0
1509,514.0
1510,1091.0
1511,464.0
1512,507.0
1513,794.0
1514,69.0
1515,536.0
1516,541.0
1517,470.0
1518,984.0
1519,360.0
1520,399.0
1521,1021.0
1522,252.0
1523,936.0
1524,867.0
1525,611.0
1526,388.0
1527,899.0
1528,381.0
1529,805.0
1530,485.0
1531,-5.0
1532,946.0
1533,784.0
1534,613.0
1535,667.0
1536,1015.0
1537,695.0
1538,958.0
1539,599.0
1540,610.0
1541,531.0
1542,531.0
1543,869.0
1544,575.0
1545,336.0
1546,628.0
1547,787.0
1548,636.0
1549,549.0
1550,644.0
1551,996.0
1552,642.0
1553,606.0
1554,871.0
1555,536.0
1556,563.0
1557,539.0
1558,903.0
1559,288.0
1560,748.0
1561,515.0
1562,898.0
1563,1041.0
1564,894.0
1565,449.0
1566,648.0
1567,489.0
1568,691.0
1569,388.0
1570,882.0
1571,486.0
1572,460.0
1573,657.0
1574,991.0
1575,397.0
1576,471.0
1577,801.0
1578,1128.0
1579,596.0
1580,452.0
1581,503.0
1582,462.0
1583,912.0
1584,785.0
1585,787.0
1586,599.0
1587,306.0
1588,301.0
1589,967.0
1590,583.0
1591,851.0
1592,750.0
1593,706.0
1594,490.0
1595,695.0
1596,907.0
1597,488.0
1598,874.0
1599,581.0
1600,486.0
1601,582.0
1602,828.0
1603,759.0
1604,609.0
1605,1070.0
1606,826.0
1607,577.0
1608,905.0
1609,482.0
1610,1086.0
1611,977.0
1612,618.0
1613,1019.0
1614,311.0
1615,800.0
1616,446.0
1617,985.0
1618,559.0
1619,872.0
1620,617.0
1621,551.0
1622,798.0
1623,747.0
1624,634.0
1625,905.0
1626,465.0
1627,642.0
1628,416.0
1629,450.0
1630,226.0
1631,557.0
1632,995.0
1633,957.0
1634,477.0
1635,779.0
1636,665.0
1637,711.0
1638,355.0
1639,840.0
1640,575.0
1641,498.0
1642,548.0
1643,555.0
1644,643.0
1645,1086.0
1646,764.0
1647,517.0
1648,939.0
1649,426.0
1650,541.0
1651,525.0
1652,578.0
1653,842.0
1654,716.0
1655,524.0
1656,512.0
1657,624.0
1658,708.0
1659,492.0
1660,554.0
1661,1124.0
1662,435.0
1663,862.0
1664,907.0
1665,897.0
1666,630.0
1667,683.0
1668,755.0
1669,533.0
1670,999.0
1671,666.0
1672,736.0
1673,725.0
1674,917.0
1675,290.0
1676,503.0
1677,844.0
1678,985.0
1679,942.0
1680,663.0
1681,391.0
1682,856.0
1683,539.0
1684,955.0
1685,738.0
1686,532.0
1687,541.0
1688,1154.0
1689,862.0
1690,855.0
1691,1110.0
1692,643.0
1693,568.0
1694,521.0
1695,195.0
1696,287.0
1697,887.0
1698,381.0
1699,789.0
1700,1023.0
1701,722.0
1702,860.0
1703,986.0
1704,561.0
1705,810.0
1706,626.0
1707,571.0
1708,1086.0
1709,737.0
1710,460.0
1711,1048.0
1712,731.0
1713,416.0
1714,937.0
1715,1017.0
1716,537.0
1717,566.0
1718,645.0
1719,493.0
1720,-319.0
1721,1065.0
1722,987.0
1723,677.0
1724,698.0
1725,497.0
1726,748.0
1727,1090.0
1728,907.0
1729,1000.0
1730,544.0
1731,930.0
1732,825.0
1733,966.0
1734,752.0
1735,558.0
1736,-382.0
1737,225.0
1738,802.0
1739,668.0
1740,642.0
1741,1085.0
1742,564.0
1743,641.0
1744,412.0
1745,1039.0
1746,526.0
1747,849.0
1748,492.0
1749,503.0
1750,475.0
1751,590.0
1752,459.0
1753,583.0
1754,1107.0
1755,1134.0
1756,911.0
1757,412.0
1758,818.0
1759,574.0
1760,252.0
1761,683.0
1762,573.0
1763,603.0
1764,802.0
1765,364.0
1766,800.0
1767,582.0
1768,337.0
1769,683.0
1770,379.0
1771,943.0
1772,893.0
1773,915.0
1774,473.0
1775,587.0
1776,641.0
1777,697.0
1778,775.0
1779,322.0
1780,720.0
1781,1020.0
1782,509.0
1783,977.0
1784,493.0
1785,896.0
1786,556.0
1787,692.0
1788,644.0
1789,570.0
1790,724.0
1791,848.0
1792,1076.0
1793,382.0
1794,780.0
1795,614.0
1796,941.0
1797,907.0
1798,752.0
1799,233.0
1800,464.0
1801,843.0
1802,911.0
1803,529.0
1804,502.0
1805,238.0
1806,1143.0
1807,582.0
1808,499.0
1809,758.0
1810,622.0
1811,498.0
1812,1089.0
1813,958.0
1814,441.0
1815,1030.0
1816,555.0
1817,942.0
1818,888.0
1819,465.0
1820,719.0
1821,536.0
1822,403.0
1823,921.0
1824,348.0
1825,193.0
1826,628.0
1827,538.0
1828,517.0
1829,864.0
1830,808.0
1831,315.0
1832,835.0
1833,336.0
1834,783.0
1835,944.0
1836,864.0
1837,1086.0
1838,687.0
1839,914.0
1840,49.0
1841,773.0
1842,847.0
1843,546.0
1844,677.0
1845,502.0
1846,859.0
1847,558.0
1848,730.0
1849,438.0
1850,922.0
1851,646.0
1852,575.0
1853,693.0
1854,751.0
1855,751.0
1856,298.0
1857,782.0
1858,1098.0
1859,527.0
1860,777.0
1861,231.0
1862,365.0
1863,675.0
1864,867.0
1865,661.0
1866,949.0
1867,717.0
1868,641.0
1869,605.0
1870,855.0
1871,562.0
1872,362.0
1873,678.0
1874,1064.0
1875,500.0
1876,846.0
1877,537.0
1878,351.0
1879,540.0
1880,780.0
1881,300.0
1882,730.0
1883,795.0
1884,595.0
1885,556.0
1886,821.0
1887,422.0
1888,178.0
1889,549.0
1890,397.0
1891,632.0
1892,793.0
1893,460.0
1894,765.0
1895,-168.0
1896,-27.0
1897,414.0
1898,773.0
1899,535.0
1900,608.0
1901,620.0
1902,346.0
1903,395.0
1904,503.0
1905,985.0
1906,545.0
1907,473.0
1908,587.0
1909,549.0
1910,531.0
1911,496.0
1912,1030.0
1913,415.0
1914,466.0
1915,748.0
1916,370.0
1917,631.0
1918,523.0
1919,384.0
1920,450.0
1921,717.0
1922,467.0
1923,623.0
1924,624.0
1925,906.0
1926,416.0
1927,548.0
1928,406.0
1929,966.0
1930,406.0
1931,503.0
1932,1044.0
1933,671.0
1934,431.0
1935,484.0
1936,402.0
1937,843.0
1938,497.0
1939,769.0
1940,980.0
1941,680.0
1942,1092.0
1943,1065.0
1944,1013.0
1945,419.0
1946,577.0
1947,954.0
1948,497.0
1949,493.0
1950,618.0
1951,668.0
1952,507.0
1953,926.0
1954,726.0
1955,971.0
1956,622.0
1957,1007.0
1958,547.0
1959,938.0
1960,1019.0
1961,1061.0
1962,890.0
1963,546.0
1964,344.0
1965,531.0
1966,434.0
1967,614.0
1968,583.0
1969,891.0
1970,882.0
1971,528.0
1972,1026.0
1973,436.0
1974,360.0
1975,853.0
1976,349.0
1977,931.0
1978,563.0
1979,519.0
1980,505.0
1981,969.0
1982,563.0
1983,761.0
1984,416.0
1985,934.0
1986,416.0
1987,575.0
1988,503.0
1989,568.0
1990,906.0
1991,498.0
1992,621.0
1993,799.0
1994,355.0
1995,348.0
1996,495.0
1997,427.0
1998,349.0
1999,623.0
2000,543.0
2001,449.0
2002,870.0
2003,613.0
2004,427.0
2005,920.0
2006,628.0
2007,837.0
2008,450.0
2009,332.0
2010,545.0
2011,771.0
2012,566.0
2013,625.0
2014,920.0
2015,644.0
2016,283.0
2017,566.0
2018,877.0
2019,826.0
2020,905.0
2021,467.0
2022,545.0
2023,882.0
2024,453.0
2025,517.0
2026,921.0
2027,542.0
2028,653.0
2029,745.0
2030,434.0
2031,554.0
2032,690.0
2033,1135.0
2034,573.0
2035,869.0
2036,438.0
2037,338.0
2038,568.0
2039,575.0
2040,490.0
2041,884.0
2042,497.0
2043,47.0
2044,370.0
2045,994.0
2046,502.0
2047,503.0
2048,589.0
2049,612.0
2050,591.0
2051,476.0
2052,397.0
2053,659.0
2054,423.0
2055,489.0
2056,1018.0
2057,841.0
2058,487.0
2059,731.0
2060,671.0
2061,784.0
2062,442.0
2063,406.0
2064,591.0
2065,1060.0
2066,784.0
2067,233.0
2068,622.0
2069,940.0
2070,918.0
2071,796.0
2072,597.0
2073,471.0
2074,386.0
2075,599.0
2076,590.0
2077,628.0
2078,552.0
2079,835.0
2080,519.0
2081,498.0
2082,529.0
2083,431.0
2084,473.0
2085,760.0
2086,483.0
2087,332.0
2088,752.0
2089,503.0
2090,685.0
2091,871.0
2092,497.0
2093,455.0
2094,833.0
2095,770.0
2096,381.0
2097,612.0
2098,395.0
2099,756.0
2100,760.0
2101,410.0
2102,726.0
2103,459.0
2104,709.0
2105,1023.0
2106,919.0
2107,477.0
2108,851.0
2109,639.0
2110,715.0
2111,548.0
2112,733.0
2113,655.0
2114,850.0
2115,703.0
2116,316.0
2117,727.0
2118,457.0
2119,868.0
2120,687.0
2121,557.0
2122,822.0
2123,430.0
2124,500.0
2125,884.0
2126,955.0
2127,790.0
2128,839.0
2129,517.0
2130,507.0
2131,668.0
2132,706.0
2133,755.0
2134,437.0
2135,432.0
2136,387.0
2137,366.0
2138,382.0
2139,780.0
2140,841.0
2141,527.0
2142,447.0
2143,419.0
2144,497.0
2145,519.0
2146,923.0
2147,499.0
2148,1159.0
2149,487.0
2150,501.0
2151,658.0
2152,441.0
2153,564.0
2154,684.0
2155,852.0
2156,570.0
2157,753.0
2158,845.0
2159,398.0
2160,697.0
2161,862.0
2162,1024.0
2163,818.0
2164,503.0
2165,497.0
2166,604.0
2167,607.0
2168,631.0
2169,1002.0
2170,482.0
2171,891.0
2172,839.0
2173,768.0
2174,577.0
2175,731.0
2176,402.0
2177,530.0
2178,985.0
2179,682.0
2180,736.0
2181,1188.0
2182,471.0
2183,1017.0
2184,902.0
2185,977.0
2186,514.0
2187,855.0
2188,459.0
2189,407.0
2190,952.0
2191,344.0
2192,497.0
2193,685.0
2194,891.0
2195,1053.0
2196,522.0
2197,587.0
2198,383.0
2199,427.0
2200,1070.0
2201,746.0
2202,423.0
2203,513.0
2204,1026.0
2205,479.0
2206,1068.0
2207,402.0
2208,486.0
2209,874.0
2210,1006.0
2211,1046.0
2212,987.0
2213,738.0
2214,590.0
2215,720.0
2216,630.0
2217,614.0
2218,605.0
2219,677.0
2220,666.0
2221,481.0
2222,839.0
2223,662.0
2224,625.0
2225,580.0
2226,1022.0
2227,534.0
2228,486.0
2229,549.0
2230,800.0
2231,971.0
2232,944.0
2233,894.0
2234,538.0
2235,519.0
2236,991.0
2237,936.0
2238,885.0
2239,691.0
2240,641.0
2241,642.0
2242,536.0
2243,568.0
2244,663.0
2245,470.0
2246,898.0
2247,652.0
2248,650.0
2249,816.0
2250,1053.0
2251,401.0
2252,797.0
2253,929.0
2254,792.0
2255,830.0
2256,878.0
2257,934.0
2258,831.0
2259,594.0
2260,702.0
2261,1012.0
2262,962.0
2263,627.0
2264,540.0
2265,938.0
2266,497.0
2267,887.0
2268,827.0
2269,520.0
2270,946.0
2271,475.0
2272,883.0
2273,1179.0
2274,323.0
2275,528.0
2276,943.0
2277,557.0
2278,867.0
2279,454.0
2280,885.0
2281,557.0
2282,596.0
2283,935.0
2284,880.0
2285,546.0
2286,1049.0
2287,907.0
2288,895.0
2289,927.0
2290,516.0
2291,522.0
2292,914.0
2293,977.0
2294,593.0
2295,633.0
2296,978.0
2297,618.0
2298,602.0
2299,626.0
2300,868.0
2301,689.0
2302,540.0
2303,797.0
2304,477.0
2305,881.0
2306,499.0
2307,511.0
2308,991.0
2309,530.0
2310,849.0
2311,995.0
2312,603.0
2313,699.0
2314,784.0
2315,600.0
2316,578.0
2317,904.0
2318,442.0
2319,850.0
2320,1020.0
2321,1036.0
2322,683.0
2323,529.0
2324,877.0
2325,513.0
2326,782.0
2327,835.0
2328,470.0
2329,794.0
2330,598.0
2331,554.0
2332,464.0
2333,877.0
2334,516.0
2335,1011.0
2336,616.0
2337,852.0
2338,1115.0
2339,799.0
2340,601.0
2341,462.0
2342,704.0
2343,530.0
2344,666.0
2345,852.0
2346,561.0
2347,493.0
2348,751.0
2349,996.0
2350,1059.0
2351,1138.0
2352,1086.0
2353,434.0
2354,558.0
2355,1160.0
2356,1057.0
2357,653.0
2358,976.0
2359,619.0
2360,594.0
2361,912.0
2362,502.0
2363,741.0
2364,853.0
2365,844.0
2366,509.0
2367,470.0
2368,1063.0
2369,848.0
2370,681.0
2371,645.0
2372,592.0
2373,800.0
2374,945.0
2375,1005.0
2376,757.0
2377,878.0
2378,593.0
2379,880.0
2380,1090.0
2381,790.0
2382,610.0
2383,571.0
2384,1088.0
2385,884.0
2386,588.0
2387,290.0
2388,876.0
2389,488.0
2390,528.0
2391,596.0
2392,534.0
2393,490.0
2394,1080.0
2395,927.0
2396,1077.0
2397,1041.0
2398,973.0
2399,821.0
2400,779.0
2401,599.0
2402,895.0
2403,498.0
2404,499.0
2405,676.0
2406,1097.0
2407,641.0
2408,833.0
2409,515.0
2410,875.0
2411,397.0
2412,510.0
2413,1033.0
2414,849.0
2415,570.0
2416,1042.0
2417,748.0
2418,877.0
2419,981.0
2420,518.0
2421,916.0
2422,995.0
2423,493.0
2424,655.0
2425,736.0
2426,661.0
2427,789.0
2428,650.0
2429,969.0
2430,1029.0
2431,844.0
2432,831.0
2433,540.0
2434,895.0
2435,497.0
2436,1010.0
2437,932.0
2438,476.0
2439,645.0
2440,439.0
2441,844.0
2442,640.0
2443,497.0
2444,514.0
2445,799.0
2446,532.0
2447,883.0
2448,899.0
2449,1061.0
2450,309.0
2451,525.0
2452,1046.0
2453,841.0
2454,646.0
2455,929.0
2456,428.0
2457,1121.0
2458,826.0
2459,392.0
2460,694.0
2461,501.0
2462,490.0
2463,191.0
2464,591.0
2465,623.0
2466,358.0
2467,503.0
2468,878.0
2469,996.0
2470,306.0
2471,503.0
2472,988.0
2473,454.0
2474,1016.0
2475,802.0
2476,203.0
2477,562.0
2478,676.0
2479,466.0
2480,398.0
2481,577.0
2482,449.0
2483,725.0
2484,900.0
2485,744.0
2486,810.0
2487,1033.0
2488,497.0
2489,515.0
2490,1068.0
2491,927.0
2492,482.0
2493,585.0
2494,540.0
2495,776.0
2496,997.0
2497,675.0
2498,557.0
2499,660.0
2500,536.0
2501,550.0
2502,410.0
2503,933.0
2504,545.0
2505,375.0
2506,824.0
2507,979.0
2508,974.0
2509,652.0
2510,520.0
2511,874.0
2512,1031.0
2513,1012.0
2514,390.0
2515,856.0
2516,1073.0
2517,892.0
2518,503.0
2519,870.0
2520,287.0
2521,517.0
2522,511.0
2523,469.0
2524,500.0
2525,627.0
2526,646.0
2527,742.0
2528,831.0
2529,937.0
2530,884.0
2531,446.0
2532,764.0
2533,888.0
2534,928.0
2535,662.0
2536,517.0
2537,809.0
2538,1114.0
2539,1030.0
2540,589.0
2541,572.0
2542,755.0
2543,385.0
2544,499.0
2545,515.0
2546,432.0
2547,737.0
2548,926.0
2549,776.0
2550,496.0
2551,705.0
2552,713.0
2553,482.0
2554,608.0
2555,535.0
2556,1112.0
2557,526.0
2558,408.0
2559,953.0
2560,936.0
2561,1019.0
2562,765.0
2563,971.0
2564,503.0
2565,801.0
2566,950.0
2567,532.0
2568,948.0
2569,538.0
2570,864.0
2571,913.0
2572,507.0
2573,464.0
2574,798.0
2575,1031.0
2576,863.0
2577,554.0
2578,529.0
2579,543.0
2580,905.0
2581,766.0
2582,495.0
2583,451.0
2584,866.0
2585,705.0
2586,485.0
2587,821.0
2588,1065.0
2589,542.0
2590,948.0
2591,696.0
2592,953.0
2593,953.0
2594,546.0
2595,859.0
2596,873.0
2597,1009.0
2598,858.0
2599,750.0
2600,428.0
2601,838.0
2602,660.0
2603,412.0
2604,1200.0
2605,666.0
2606,917.0
2607,632.0
2608,507.0
2609,500.0
2610,612.0
2611,808.0
2612,503.0
2613,1066.0
2614,503.0
2615,697.0
2616,789.0
2617,675.0
2618,1051.0
2619,1105.0
2620,594.0
2621,741.0
2622,1069.0
2623,765.0
2624,882.0
2625,935.0
2626,501.0
2627,507.0
2628,698.0
2629,586.0
2630,619.0
2631,666.0
2632,658.0
2633,715.0
2634,915.0
2635,938.0
2636,405.0
2637,445.0
2638,733.0
2639,598.0
2640,554.0
2641,628.0
2642,452.0
2643,1064.0
2644,607.0
2645,771.0
2646,1047.0
2647,854.0
2648,477.0
2649,-146.0
2650,530.0
2651,956.0
2652,431.0
2653,994.0
2654,620.0
2655,497.0
2656,1017.0
2657,883.0
2658,979.0
2659,920.0
2660,776.0
2661,947.0
2662,556.0
2663,868.0
2664,995.0
2665,608.0
2666,476.0
2667,497.0
2668,462.0
2669,997.0
2670,850.0
2671,756.0
2672,632.0
2673,994.0
2674,732.0
2675,881.0
2676,608.0
2677,868.0
2678,816.0
2679,306.0
2680,615.0
2681,725.0
2682,768.0
2683,482.0
2684,493.0
2685,807.0
2686,1084.0
2687,485.0
2688,650.0
2689,291.0
2690,647.0
2691,595.0
2692,1086.0
2693,385.0
2694,573.0
2695,514.0
2696,500.0
2697,680.0
2698,507.0
2699,730.0
2700,558.0
2701,398.0
2702,960.0
2703,905.0
2704,904.0
2705,695.0
2706,382.0
2707,621.0
2708,670.0
2709,1160.0
2710,82.0
2711,862.0
2712,493.0
2713,978.0
2714,1156.0
2715,627.0
2716,1070.0
2717,813.0
2718,820.0
2719,650.0
2720,971.0
2721,1034.0
2722,1065.0
2723,1043.0
2724,712.0
2725,540.0
2726,871.0
2727,497.0
2728,580.0
2729,554.0
2730,683.0
2731,812.0
2732,1130.0
2733,733.0
2734,998.0
2735,599.0
2736,870.0
2737,558.0
2738,493.0
2739,507.0
2740,508.0
2741,863.0
2742,927.0
2743,719.0
2744,749.0
2745,1187.0
2746,594.0
2747,898.0
2748,1048.0
2749,702.0
2750,567.0
2751,725.0
2752,1091.0
2753,511.0
2754,825.0
2755,794.0
2756,744.0
2757,970.0
2758,592.0
2759,497.0
2760,1071.0
2761,1177.0
2762,824.0
2763,912.0
2764,499.0
2765,574.0
2766,1002.0
2767,574.0
2768,498.0
2769,912.0
2770,838.0
2771,892.0
2772,730.0
2773,669.0
2774,493.0
2775,993.0
2776,595.0
2777,548.0
2778,1101.0
2779,777.0
2780,447.0
2781,681.0
2782,705.0
2783,544.0
2784,751.0
2785,810.0
2786,582.0
2787,1088.0
2788,858.0
2789,937.0
2790,877.0
2791,699.0
2792,620.0
2793,878.0
2794,511.0
2795,787.0
2796,706.0
2797,607.0
2798,734.0
2799,917.0
2800,469.0
2801,602.0
2802,510.0
2803,465.0
2804,1044.0
2805,1043.0
2806,560.0
2807,505.0
2808,866.0
2809,903.0
2810,500.0
2811,568.0
2812,540.0
2813,843.0
2814,1121.0
2815,1002.0
2816,637.0
2817,726.0
2818,838.0
2819,843.0
2820,1022.0
2821,533.0
2822,805.0
2823,917.0
2824,959.0
2825,653.0
2826,497.0
2827,1156.0
2828,667.0
2829,1023.0
2830,581.0
2831,608.0
2832,577.0
2833,525.0
2834,602.0
2835,763.0
2836,1088.0
2837,460.0
2838,469.0
2839,883.0
2840,921.0
2841,395.0
2842,683.0
2843,905.0
2844,1007.0
2845,725.0
2846,711.0
2847,585.0
2848,638.0
2849,493.0
2850,775.0
2851,532.0
2852,715.0
2853,769.0
2854,518.0
2855,760.0
2856,867.0
2857,443.0
2858,844.0
2859,600.0
2860,516.0
2861,543.0
2862,980.0
2863,632.0
2864,838.0
2865,601.0
2866,944.0
2867,1022.0
2868,578.0
2869,496.0
2870,942.0
2871,884.0
2872,1087.0
2873,427.0
2874,348.0
2875,878.0
2876,949.0
2877,690.0
2878,806.0
2879,503.0
2880,1194.0
2881,516.0
2882,579.0
2883,504.0
2884,634.0
2885,1143.0
2886,591.0
2887,702.0
2888,1013.0
2889,1076.0
2890,1132.0
2891,402.0
2892,734.0
2893,642.0
2894,765.0
2895,1015.0
2896,507.0
2897,493.0
2898,736.0
2899,762.0
2900,510.0
2901,178.0
2902,779.0
2903,1132.0
2904,418.0
2905,648.0
2906,747.0
2907,293.0
2908,497.0
2909,463.0
2910,553.0
2911,618.0
2912,457.0
2913,755.0
2914,560.0
2915,822.0
2916,975.0
2917,890.0
2918,816.0
2919,174.0
2920,571.0
2921,831.0
2922,763.0
2923,567.0
2924,507.0
2925,964.0
2926,898.0
2927,570.0
2928,526.0
2929,457.0
2930,852.0
2931,745.0
2932,495.0
2933,416.0
2934,648.0
2935,843.0
2936,1018.0
2937,920.0
2938,917.0
2939,796.0
2940,383.0
2941,497.0
2942,831.0
2943,384.0
2944,584.0
2945,831.0
2946,568.0
2947,593.0
2948,735.0
2949,479.0
2950,743.0
2951,497.0
2952,565.0
2953,360.0
2954,316.0
2955,840.0
2956,678.0
2957,279.0
2958,689.0
2959,589.0
2960,966.0
2961,310.0
2962,545.0
2963,590.0
2964,478.0
2965,1130.0
2966,701.0
2967,960.0
2968,1007.0
2969,424.0
2970,830.0
2971,762.0
2972,823.0
2973,832.0
2974,716.0
2975,265.0
2976,870.0
2977,793.0
2978,1022.0
2979,412.0
2980,614.0
2981,264.0
2982,1052.0
2983,984.0
2984,942.0
2985,528.0
2986,720.0
2987,936.0
2988,892.0
2989,728.0
2990,501.0
2991,375.0
2992,918.0
2993,409.0
2994,1035.0
2995,799.0
2996,512.0
2997,785.0
2998,837.0
2999,975.0
3000,964.0
3001,706.0
3002,315.0
3003,775.0
3004,741.0
3005,448.0
3006,171.0
3007,1051.0
3008,914.0
3009,795.0
3010,73.0
3011,593.0
3012,752.0
3013,972.0
3014,465.0
3015,322.0
3016,603.0
3017,448.0
3018,682.0
3019,571.0
3020,717.0
3021,811.0
3022,497.0
3023,761.0
3024,760.0
3025,431.0
3026,783.0
3027,462.0
3028,968.0
3029,586.0
3030,405.0
3031,503.0
3032,426.0
3033,583.0
3034,507.0
3035,873.0
3036,875.0
3037,1043.0
3038,336.0
3039,607.0
3040,942.0
3041,1094.0
3042,830.0
3043,980.0
3044,240.0
3045,979.0
3046,568.0
3047,805.0
3048,298.0
3049,575.0
3050,429.0
3051,394.0
3052,272.0
3053,510.0
3054,414.0
3055,411.0
3056,779.0
3057,692.0
3058,868.0
3059,735.0
3060,315.0
3061,625.0
3062,54.0
3063,328.0
3064,513.0
3065,833.0
3066,639.0
3067,920.0
3068,888.0
3069,390.0
3070,610.0
3071,938.0
3072,918.0
3073,952.0
3074,989.0
3075,487.0
3076,771.0
3077,402.0
3078,400.0
3079,646.0
3080,460.0
3081,474.0
3082,889.0
3083,876.0
3084,820.0
3085,782.0
3086,239.0
3087,548.0
3088,1129.0
3089,543.0
3090,568.0
3091,991.0
3092,420.0
3093,359.0
3094,615.0
3095,1127.0
3096,952.0
3097,497.0
3098,913.0
3099,492.0
3100,1048.0
3101,794.0
3102,717.0
3103,690.0
3104,892.0
3105,499.0
3106,695.0
3107,1055.0
3108,599.0
3109,688.0
3110,898.0
3111,435.0
3112,218.0
3113,764.0
3114,683.0
3115,972.0
3116,864.0
3117,957.0
3118,282.0
3119,810.0
3120,867.0
3121,418.0
3122,573.0
3123,997.0
3124,628.0
3125,456.0
3126,885.0
3127,986.0
3128,797.0
3129,463.0
3130,457.0
3131,963.0
3132,567.0
3133,266.0
3134,811.0
3135,535.0
3136,1000.0
3137,525.0
3138,725.0
3139,625.0
3140,740.0
3141,950.0
3142,270.0
3143,1117.0
3144,761.0
3145,522.0
3146,345.0
3147,632.0
3148,415.0
3149,452.0
3150,344.0
3151,537.0
3152,933.0
3153,849.0
3154,594.0
3155,418.0
3156,536.0
3157,644.0
3158,834.0
3159,860.0
3160,566.0
3161,1033.0
3162,556.0
3163,563.0
3164,561.0
3165,1123.0
3166,501.0
3167,478.0
3168,754.0
3169,846.0
3170,1118.0
3171,577.0
3172,469.0
3173,386.0
3174,1105.0
3175,520.0
3176,595.0
3177,463.0
3178,753.0
3179,744.0
3180,458.0
3181,612.0
3182,863.0
3183,439.0
3184,926.0
3185,886.0
3186,869.0
3187,488.0
3188,570.0
3189,1034.0
3190,430.0
3191,500.0
3192,481.0
3193,523.0
3194,375.0
3195,322.0
3196,341.0
3197,839.0
3198,319.0
3199,319.0
3200,632.0
3201,886.0
3202,441.0
3203,564.0
3204,734.0
3205,493.0
3206,445.0
3207,425.0
3208,828.0
3209,339.0
3210,691.0
3211,726.0
3212,856.0
3213,872.0
3214,504.0
3215,878.0
3216,798.0
3217,580.0
3218,542.0
3219,189.0
3220,539.0
3221,496.0
3222,497.0
3223,371.0
3224,810.0
3225,406.0
3226,590.0
3227,367.0
3228,1063.0
3229,637.0
3230,765.0
3231,661.0
3232,1029.0
3233,1177.0
3234,449.0
3235,392.0
3236,731.0
3237,473.0
3238,509.0
3239,967.0
3240,386.0
3241,843.0
3242,721.0
3243,250.0
3244,536.0
3245,812.0
3246,552.0
3247,946.0
3248,622.0
3249,1156.0
3250,1121.0
3251,340.0
3252,361.0
3253,522.0
3254,1096.0
3255,1084.0
3256,484.0
3257,315.0
3258,353.0
3259,590.0
3260,689.0
3261,194.0
3262,785.0
3263,603.0
3264,557.0
3265,425.0
3266,616.0
3267,235.0
3268,828.0
3269,847.0
3270,634.0
3271,424.0
3272,379.0
3273,411.0
3274,875.0
3275,878.0
3276,802.0
3277,205.0
3278,941.0
3279,656.0
3280,732.0
3281,723.0
3282,546.0
3283,899.0
3284,505.0
3285,523.0
3286,770.0
3287,1008.0
3288,803.0
3289,427.0
3290,414.0
3291,281.0
3292,675.0
3293,862.0
3294,747.0
3295,684.0
3296,643.0
3297,405.0
3298,314.0
3299,540.0
3300,565.0
3301,433.0
3302,503.0
3303,509.0
3304,349.0
3305,1065.0
3306,509.0
3307,321.0
3308,331.0
3309,186.0
3310,881.0
3311,309.0
3312,685.0
3313,401.0
3314,443.0
3315,486.0
3316,741.0
3317,510.0
3318,249.0
3319,775.0
3320,850.0
3321,499.0
3322,359.0
3323,897.0
3324,503.0
3325,814.0
3326,789.0
3327,900.0
3328,736.0
3329,397.0
3330,391.0
3331,687.0
3332,1114.0
3333,1042.0
3334,271.0
3335,748.0
3336,759.0
3337,549.0
3338,506.0
3339,866.0
3340,319.0
3341,437.0
3342,823.0
3343,487.0
3344,307.0
3345,635.0
3346,574.0
3347,695.0
3348,515.0
3349,468.0
3350,382.0
3351,424.0
3352,620.0
3353,614.0
3354,547.0
3355,758.0
3356,1037.0
3357,685.0
3358,907.0
3359,502.0
3360,956.0
3361,392.0
3362,394.0
3363,441.0
3364,657.0
3365,552.0
3366,481.0
3367,757.0
3368,531.0
3369,916.0
3370,919.0
3371,835.0
3372,535.0
3373,435.0
3374,488.0
3375,834.0
3376,486.0
3377,675.0
3378,523.0
3379,623.0
3380,1145.0
3381,941.0
3382,707.0
3383,676.0
3384,894.0
3385,690.0
3386,465.0
3387,507.0
3388,675.0
3389,1051.0
3390,631.0
3391,372.0
3392,404.0
3393,584.0
3394,715.0
3395,865.0
3396,861.0
3397,524.0
3398,641.0
3399,933.0
3400,507.0
3401,585.0
3402,853.0
3403,722.0
3404,507.0
3405,619.0
3406,920.0
3407,399.0
3408,870.0
3409,307.0
3410,973.0
3411,328.0
3412,520.0
3413,468.0
3414,535.0
3415,524.0
3416,827.0
3417,850.0
3418,889.0
3419,466.0
3420,411.0
3421,663.0
3422,497.0
3423,1153.0
3424,968.0
3425,524.0
3426,335.0
3427,776.0
3428,567.0
3429,940.0
3430,836.0
3431,832.0
3432,527.0
3433,452.0
3434,707.0
3435,720.0
3436,408.0
3437,775.0
3438,437.0
3439,451.0
3440,523.0
3441,403.0
3442,820.0
3443,198.0
3444,714.0
3445,543.0
3446,250.0
3447,539.0
3448,946.0
3449,581.0
3450,420.0
3451,699.0
3452,470.0
3453,353.0
3454,733.0
3455,690.0
3456,522.0
3457,580.0
3458,507.0
3459,712.0
3460,903.0
3461,692.0
3462,572.0
3463,485.0
3464,943.0
3465,645.0
3466,728.0
3467,793.0
3468,587.0
3469,663.0
3470,576.0
3471,601.0
3472,261.0
3473,724.0
3474,596.0
3475,783.0
3476,248.0
3477,503.0
3478,1051.0
3479,969.0
3480,824.0
3481,768.0
3482,800.0
3483,545.0
3484,327.0
3485,60.0
3486,549.0
3487,780.0
3488,538.0
3489,911.0
3490,455.0
3491,403.0
3492,782.0
3493,644.0
3494,500.0
3495,1001.0
3496,503.0
3497,465.0
3498,612.0
3499,1041.0
3500,390.0
3501,902.0
3502,403.0
3503,573.0
3504,420.0
3505,505.0
3506,1095.0
3507,559.0
3508,570.0
3509,361.0
3510,556.0
3511,1019.0
3512,840.0
3513,903.0
3514,911.0
3515,253.0
3516,634.0
3517,929.0
3518,945.0
3519,300.0
3520,1020.0
3521,1014.0
3522,523.0
3523,687.0
3524,582.0
3525,585.0
3526,503.0
3527,992.0
3528,539.0
3529,286.0
3530,813.0
3531,525.0
3532,665.0
3533,412.0
3534,450.0
3535,733.0
3536,633.0
3537,850.0
3538,503.0
3539,477.0
3540,949.0
3541,637.0
3542,811.0
3543,551.0
3544,906.0
3545,499.0
3546,399.0
3547,924.0
3548,413.0
3549,541.0
3550,471.0
3551,595.0
3552,798.0
3553,525.0
3554,1033.0
3555,859.0
3556,427.0
3557,780.0
3558,529.0
3559,815.0
3560,791.0
3561,503.0
3562,259.0
3563,497.0
3564,565.0
3565,569.0
3566,278.0
3567,337.0
3568,938.0
3569,855.0
3570,771.0
3571,870.0
3572,573.0
3573,794.0
3574,627.0
3575,629.0
3576,382.0
3577,503.0
3578,781.0
3579,1026.0
3580,683.0
3581,539.0
3582,507.0
3583,564.0
3584,439.0
3585,710.0
3586,945.0
3587,674.0
3588,1032.0
3589,775.0
3590,751.0
3591,730.0
3592,360.0
3593,605.0
3594,898.0
3595,676.0
3596,557.0
3597,904.0
3598,431.0
3599,575.0
3600,503.0
3601,529.0
3602,525.0
3603,650.0
3604,497.0
3605,503.0
3606,389.0
3607,344.0
3608,800.0
3609,692.0
3610,537.0
3611,436.0
3612,898.0
3613,569.0
3614,700.0
3615,268.0
3616,803.0
3617,497.0
3618,409.0
3619,637.0
3620,270.0
3621,926.0
3622,424.0
3623,601.0
3624,327.0
3625,706.0
3626,526.0
3627,598.0
3628,413.0
3629,600.0
3630,766.0
3631,760.0
3632,413.0
3633,888.0
3634,520.0
3635,832.0
3636,458.0
3637,480.0
3638,625.0
3639,710.0
3640,379.0
3641,406.0
3642,562.0
3643,1022.0
3644,911.0
3645,618.0
3646,719.0
3647,629.0
3648,785.0
3649,379.0
3650,413.0
3651,356.0
3652,475.0
3653,556.0
3654,460.0
3655,599.0
3656,348.0
3657,565.0
3658,405.0
3659,677.0
3660,453.0
3661,413.0
3662,774.0
3663,966.0
3664,890.0
3665,342.0
3666,385.0
3667,665.0
3668,1085.0
3669,993.0
3670,376.0
3671,968.0
3672,550.0
3673,378.0
3674,935.0
3675,619.0
3676,796.0
3677,815.0
3678,903.0
3679,642.0
3680,373.0
3681,680.0
3682,507.0
3683,945.0
3684,237.0
3685,618.0
3686,815.0
3687,650.0
3688,945.0
3689,946.0
3690,471.0
3691,113.0
3692,847.0
3693,694.0
3694,480.0
3695,746.0
3696,573.0
3697,733.0
3698,530.0
3699,249.0
3700,562.0
3701,1017.0
3702,452.0
3703,971.0
3704,623.0
3705,437.0
3706,1012.0
3707,503.0
3708,301.0
3709,907.0
3710,624.0
3711,374.0
3712,753.0
3713,654.0
3714,259.0
3715,1070.0
3716,781.0
3717,908.0
3718,796.0
3719,674.0
3720,1060.0
3721,594.0
3722,861.0
3723,515.0
3724,346.0
3725,497.0
3726,1116.0
3727,450.0
3728,1038.0
3729,554.0
3730,326.0
3731,541.0
3732,718.0
3733,769.0
3734,741.0
3735,634.0
3736,404.0
3737,970.0
3738,730.0
3739,792.0
3740,958.0
3741,547.0
3742,643.0
3743,1017.0
3744,424.0
3745,117.0
3746,526.0
3747,442.0
3748,471.0
3749,809.0
3750,708.0
3751,648.0
3752,530.0
3753,574.0
3754,461.0
3755,327.0
3756,944.0
3757,976.0
3758,547.0
3759,902.0
3760,1145.0
3761,812.0
3762,848.0
3763,224.0
3764,1057.0
3765,371.0
3766,888.0
3767,823.0
3768,843.0
3769,519.0
3770,652.0
3771,461.0
3772,503.0
3773,471.0
3774,848.0
3775,341.0
3776,397.0
3777,984.0
3778,264.0
3779,857.0
3780,342.0
3781,543.0
3782,507.0
3783,643.0
3784,509.0
3785,486.0
3786,699.0
3787,849.0
3788,972.0
3789,601.0
3790,279.0
3791,658.0
3792,783.0
3793,623.0
3794,1056.0
3795,823.0
3796,269.0
3797,454.0
3798,1063.0
3799,497.0
3800,69.0
3801,668.0
3802,851.0
3803,839.0
3804,1104.0
3805,603.0
3806,682.0
3807,542.0
3808,798.0
3809,6.0
3810,294.0
3811,506.0
3812,881.0
3813,926.0
3814,544.0
3815,434.0
3816,798.0
3817,685.0
3818,721.0
3819,248.0
3820,1159.0
3821,482.0
3822,-23.0
3823,372.0
3824,561.0
3825,366.0
3826,733.0
3827,290.0
3828,-7.0
3829,539.0
3830,426.0
3831,834.0
3832,629.0
3833,351.0
3834,677.0
3835,282.0
3836,497.0
3837,503.0
3838,351.0
3839,921.0
3840,573.0
3841,916.0
3842,569.0
3843,181.0
3844,237.0
3845,493.0
3846,1051.0
3847,962.0
3848,485.0
3849,851.0
3850,426.0
3851,418.0
3852,967.0
3853,665.0
3854,251.0
3855,503.0
3856,569.0
3857,952.0
3858,837.0
3859,803.0
3860,305.0
3861,341.0
3862,454.0
3863,278.0
3864,880.0
3865,911.0
3866,1079.0
3867,797.0
3868,520.0
3869,944.0
3870,183.0
3871,985.0
3872,429.0
3873,564.0
3874,902.0
3875,586.0
3876,1034.0
3877,811.0
3878,380.0
3879,645.0
3880,260.0
3881,721.0
3882,523.0
3883,1120.0
3884,272.0
3885,607.0
3886,420.0
3887,443.0
3888,368.0
3889,901.0
3890,954.0
3891,685.0
3892,858.0
3893,1064.0
3894,977.0
3895,932.0
3896,944.0
3897,761.0
3898,686.0
3899,843.0
3900,249.0
3901,639.0
3902,1099.0
3903,905.0
3904,848.0
3905,938.0
3906,528.0
3907,412.0
3908,424.0
3909,608.0
3910,1157.0
3911,439.0
3912,223.0
3913,594.0
3914,701.0
3915,854.0
3916,276.0
3917,396.0
3918,766.0
3919,414.0
3920,822.0
3921,356.0
3922,929.0
3923,674.0
3924,613.0
3925,687.0
3926,390.0
3927,965.0
3928,503.0
3929,759.0
3930,822.0
3931,552.0
3932,380.0
3933,853.0
3934,545.0
3935,284.0
3936,714.0
3937,371.0
3938,788.0
3939,968.0
3940,750.0
3941,595.0
3942,923.0
3943,997.0
3944,827.0
3945,483.0
3946,624.0
3947,988.0
3948,497.0
3949,716.0
3950,496.0
3951,1111.0
3952,1084.0
3953,736.0
3954,345.0
3955,980.0
3956,604.0
3957,697.0
3958,560.0
3959,585.0
3960,657.0
3961,613.0
3962,508.0
3963,666.0
3964,421.0
3965,689.0
3966,873.0
3967,542.0
3968,286.0
3969,907.0
3970,721.0
3971,310.0
3972,421.0
3973,287.0
3974,1097.0
3975,858.0
3976,1007.0
3977,926.0
3978,990.0
3979,590.0
3980,1102.0
3981,419.0
3982,1022.0
3983,933.0
3984,580.0
3985,471.0
3986,551.0
3987,474.0
3988,532.0
3989,315.0
3990,497.0
3991,497.0
3992,568.0
3993,291.0
3994,909.0
3995,358.0
3996,940.0
3997,243.0
3998,575.0
3999,265.0
4000,889.0
4001,836.0
4002,783.0
4003,430.0
4004,438.0
4005,949.0
4006,816.0
4007,788.0
4008,1060.0
4009,799.0
4010,346.0
4011,605.0
4012,597.0
4013,240.0
4014,1054.0
4015,830.0
4016,473.0
4017,631.0
4018,554.0
4019,274.0
4020,485.0
4021,413.0
4022,194.0
4023,1037.0
4024,820.0
4025,900.0
4026,987.0
4027,715.0
4028,260.0
4029,503.0
4030,881.0
4031,620.0
4032,302.0
4033,410.0
4034,278.0
4035,244.0
4036,292.0
4037,620.0
4038,517.0
4039,782.0
4040,577.0
4041,482.0
4042,311.0
4043,617.0
4044,-283.0
4045,647.0
4046,841.0
4047,449.0
4048,595.0
4049,787.0
4050,811.0
4051,359.0
4052,324.0
4053,653.0
4054,334.0
4055,642.0
4056,423.0
4057,65.0
4058,286.0
4059,376.0
4060,372.0
4061,785.0
4062,770.0
4063,503.0
4064,410.0
4065,536.0
4066,1078.0
4067,818.0
4068,938.0
4069,146.0
4070,691.0
4071,668.0
4072,416.0
4073,815.0
4074,880.0
4075,485.0
4076,298.0
4077,-69.0
4078,973.0
4079,493.0
4080,958.0
4081,1167.0
4082,922.0
4083,414.0
4084,896.0
4085,873.0
4086,983.0
4087,641.0
4088,551.0
4089,946.0
4090,563.0
4091,663.0
4092,831.0
4093,1079.0
4094,507.0
4095,977.0
4096,839.0
4097,546.0
4098,409.0
4099,496.0
4100,445.0
4101,-60.0
4102,791.0
4103,637.0
4104,382.0
4105,892.0
4106,601.0
4107,950.0
4108,342.0
4109,775.0
4110,490.0
4111,253.0
4112,802.0
4113,622.0
4114,831.0
4115,731.0
4116,474.0
4117,668.0
4118,596.0
4119,667.0
4120,1008.0
4121,598.0
4122,366.0
4123,996.0
4124,334.0
4125,1022.0
4126,464.0
4127,211.0
4128,628.0
4129,634.0
4130,900.0
4131,229.0
4132,662.0
4133,859.0
4134,429.0
4135,444.0
4136,906.0
4137,737.0
4138,706.0
4139,1031.0
4140,838.0
4141,790.0
4142,794.0
4143,858.0
4144,604.0
4145,484.0
4146,201.0
4147,898.0
4148,355.0
4149,550.0
4150,406.0
4151,570.0
4152,763.0
4153,563.0
4154,293.0
4155,348.0
4156,964.0
4157,588.0
4158,543.0
4159,906.0
4160,918.0
4161,370.0
4162,558.0
4163,246.0
4164,253.0
4165,957.0
4166,855.0
4167,996.0
4168,609.0
4169,1081.0
4170,305.0
4171,224.0
4172,283.0
4173,832.0
4174,531.0
4175,709.0
4176,165.0
4177,430.0
4178,220.0
4179,376.0
4180,385.0
4181,758.0
4182,381.0
4183,872.0
4184,270.0
4185,253.0
4186,331.0
4187,583.0
4188,420.0
4189,256.0
4190,718.0
4191,897.0
4192,332.0
4193,701.0
4194,336.0
4195,822.0
4196,584.0
4197,806.0
4198,588.0
4199,916.0
4200,195.0
4201,949.0
4202,608.0
4203,866.0
4204,508.0
4205,815.0
4206,184.0
4207,605.0
4208,181.0
4209,644.0
4210,727.0
4211,223.0
4212,450.0
4213,954.0
4214,771.0
4215,514.0
4216,331.0
4217,552.0
4218,833.0
4219,772.0
4220,633.0
4221,455.0
4222,623.0
4223,123.0
4224,837.0
4225,761.0
4226,592.0
4227,455.0
4228,839.0
4229,881.0
4230,911.0
4231,551.0
4232,497.0
4233,400.0
4234,315.0
4235,479.0
4236,933.0
4237,921.0
4238,956.0
4239,306.0
4240,1005.0
4241,981.0
4242,290.0
4243,924.0
4244,329.0
4245,52.0
4246,569.0
4247,552.0
4248,419.0
4249,484.0
4250,540.0
4251,880.0
4252,1040.0
4253,617.0
4254,292.0
4255,1055.0
4256,930.0
4257,465.0
4258,454.0
4259,373.0
4260,324.0
4261,922.0
4262,729.0
4263,798.0
4264,371.0
4265,958.0
4266,217.0
4267,247.0
4268,390.0
4269,766.0
4270,911.0
4271,884.0
4272,511.0
4273,795.0
4274,330.0
4275,335.0
4276,402.0
4277,768.0
4278,855.0
4279,724.0
4280,213.0
4281,340.0
4282,616.0
4283,1183.0
4284,286.0
4285,774.0
4286,697.0
4287,407.0
4288,945.0
4289,299.0
4290,253.0
4291,218.0
4292,258.0
4293,918.0
4294,513.0
4295,487.0
4296,203.0
4297,645.0
4298,503.0
4299,222.0
4300,238.0
4301,309.0
4302,510.0
4303,475.0
4304,237.0
4305,326.0
4306,1089.0
4307,705.0
4308,591.0
4309,606.0
4310,337.0
4311,875.0
4312,386.0
4313,211.0
4314,212.0
4315,248.0
4316,556.0
4317,980.0
4318,434.0
4319,220.0
4320,1028.0
4321,257.0
4322,316.0
4323,427.0
4324,342.0
4325,298.0
4326,382.0
4327,596.0
4328,942.0
4329,343.0
4330,515.0
4331,887.0
4332,241.0
4333,822.0
4334,385.0
4335,262.0
4336,825.0
4337,628.0
4338,1218.0
4339,546.0
4340,371.0
4341,221.0
4342,1204.0
4343,775.0
4344,314.0
4345,924.0
4346,503.0
4347,759.0
4348,839.0
4349,645.0
4350,1096.0
4351,1025.0
4352,271.0
4353,691.0
4354,787.0
4355,716.0
4356,637.0
4357,228.0
4358,776.0
4359,312.0
4360,836.0
4361,611.0
4362,969.0
4363,499.0
4364,644.0
4365,290.0
4366,197.0
4367,500.0
4368,601.0
4369,803.0
4370,208.0
4371,654.0
4372,198.0
4373,303.0
4374,667.0
4375,496.0
4376,792.0
4377,405.0
4378,903.0
4379,717.0
4380,525.0
4381,743.0
4382,1028.0
4383,1014.0
4384,528.0
4385,892.0
4386,794.0
4387,195.0
4388,284.0
4389,525.0
4390,321.0
4391,345.0
4392,370.0
4393,414.0
4394,335.0
4395,738.0
4396,468.0
4397,1068.0
4398,425.0
4399,676.0
4400,433.0
4401,362.0
4402,381.0
4403,257.0
4404,185.0
4405,748.0
4406,535.0
4407,263.0
4408,933.0
4409,157.0
4410,818.0
4411,265.0
4412,497.0
4413,925.0
4414,864.0
4415,766.0
4416,556.0
4417,678.0
4418,602.0
4419,220.0
4420,466.0
4421,388.0
4422,493.0
4423,811.0
4424,290.0
4425,523.0
4426,1038.0
4427,666.0
4428,327.0
4429,192.0
4430,663.0
4431,954.0
4432,311.0
4433,1113.0
4434,259.0
4435,318.0
4436,226.0
4437,382.0
4438,918.0
4439,1141.0
4440,907.0
4441,507.0
4442,734.0
4443,236.0
4444,341.0
4445,838.0
4446,443.0
4447,455.0
4448,450.0
4449,520.0
4450,1012.0
4451,935.0
4452,261.0
4453,407.0
4454,663.0
4455,347.0
4456,579.0
4457,642.0
4458,967.0
4459,469.0
4460,192.0
4461,877.0
4462,667.0
4463,1053.0
4464,211.0
4465,856.0
4466,256.0
4467,640.0
4468,765.0
4469,822.0
4470,370.0
4471,845.0
4472,1000.0
4473,361.0
4474,363.0
4475,606.0
4476,753.0
4477,417.0
4478,1086.0
4479,310.0
4480,277.0
4481,166.0
4482,669.0
4483,815.0
4484,360.0
4485,721.0
4486,734.0
4487,703.0
4488,875.0
4489,213.0
4490,355.0
4491,226.0
4492,724.0
4493,930.0
4494,269.0
4495,1064.0
4496,496.0
4497,342.0
4498,208.0
4499,266.0
4500,497.0
4501,316.0
4502,634.0
4503,298.0
4504,355.0
4505,904.0
4506,503.0
4507,333.0
4508,414.0
4509,619.0
4510,946.0
4511,631.0
4512,769.0
4513,589.0
4514,1008.0
4515,711.0
4516,691.0
4517,854.0
4518,637.0
4519,1066.0
4520,297.0
4521,582.0
4522,846.0
4523,233.0
4524,704.0
4525,827.0
4526,792.0
4527,595.0
4528,288.0
4529,797.0
4530,332.0
4531,912.0
4532,1229.0
4533,788.0
4534,931.0
4535,920.0
4536,776.0
4537,245.0
4538,198.0
4539,842.0
4540,803.0
4541,695.0
4542,715.0
4543,255.0
4544,292.0
4545,820.0
4546,572.0
4547,663.0
4548,860.0
4549,524.0
4550,285.0
4551,530.0
4552,187.0
4553,957.0
4554,297.0
4555,702.0
4556,1021.0
4557,369.0
4558,507.0
4559,345.0
4560,535.0
4561,178.0
4562,1124.0
4563,297.0
4564,422.0
4565,665.0
4566,1073.0
4567,834.0
4568,647.0
4569,608.0
4570,573.0
4571,171.0
4572,781.0
4573,882.0
4574,1056.0
4575,244.0
4576,895.0
4577,1037.0
4578,635.0
4579,240.0
4580,497.0
4581,-21.0
4582,829.0
4583,497.0
4584,1090.0
4585,1079.0
4586,344.0
4587,481.0
4588,340.0
4589,618.0
4590,391.0
4591,314.0
4592,372.0
4593,1170.0
4594,305.0
4595,639.0
4596,740.0
4597,1121.0
4598,737.0
4599,235.0
4600,423.0
4601,802.0
4602,663.0
4603,457.0
4604,625.0
4605,503.0
4606,713.0
4607,891.0
4608,384.0
4609,978.0
4610,338.0
4611,700.0
4612,953.0
4613,305.0
4614,681.0
4615,421.0
4616,962.0
4617,685.0
4618,1150.0
4619,777.0
4620,702.0
4621,530.0
4622,239.0
4623,1082.0
4624,253.0
4625,422.0
4626,982.0
4627,248.0
4628,809.0
4629,313.0
4630,709.0
4631,510.0
4632,1082.0
4633,736.0
4634,622.0
4635,450.0
4636,380.0
4637,503.0
4638,502.0
4639,639.0
4640,831.0
4641,1101.0
4642,1177.0
4643,149.0
4644,1031.0
4645,447.0
4646,1026.0
4647,647.0
4648,807.0
4649,584.0
4650,436.0
4651,283.0
4652,1122.0
4653,223.0
4654,244.0
4655,507.0
4656,602.0
4657,123.0
4658,493.0
4659,697.0
4660,250.0
4661,187.0
4662,978.0
4663,229.0
4664,629.0
4665,505.0
4666,628.0
4667,1103.0
4668,433.0
4669,655.0
4670,402.0
4671,845.0
4672,838.0
4673,638.0
4674,499.0
4675,248.0
4676,693.0
4677,224.0
4678,771.0
4679,401.0
4680,893.0
4681,-30.0
4682,552.0
4683,193.0
4684,540.0
4685,788.0
4686,869.0
4687,326.0
4688,919.0
4689,979.0
4690,244.0
4691,507.0
4692,561.0
4693,261.0
4694,683.0
4695,169.0
4696,272.0
4697,987.0
4698,592.0
4699,644.0
4700,935.0
4701,127.0
4702,927.0
4703,442.0
4704,507.0
4705,779.0
4706,1020.0
4707,37.0
4708,579.0
4709,359.0
4710,1067.0
4711,270.0
4712,802.0
4713,154.0
4714,766.0
4715,587.0
4716,353.0
4717,236.0
4718,218.0
4719,495.0
4720,218.0
4721,317.0
4722,484.0
4723,1030.0
4724,758.0
4725,666.0
4726,579.0
4727,789.0
4728,748.0
4729,86.0
4730,538.0
4731,786.0
4732,503.0
4733,358.0
4734,627.0
4735,53.0
4736,651.0
4737,824.0
4738,1006.0
4739,201.0
4740,1198.0
4741,958.0
4742,759.0
4743,507.0
4744,168.0
4745,1050.0
4746,116.0
4747,290.0
4748,700.0
4749,610.0
4750,662.0
4751,886.0
4752,1041.0
4753,539.0
4754,505.0
4755,290.0
4756,497.0
4757,669.0
4758,628.0
4759,497.0
4760,716.0
4761,373.0
4762,863.0
4763,695.0
4764,381.0
4765,322.0
4766,506.0
4767,497.0
4768,819.0
4769,230.0
4770,296.0
4771,1138.0
4772,955.0
4773,328.0
4774,193.0
4775,237.0
4776,891.0
4777,461.0
4778,1079.0
4779,803.0
4780,636.0
4781,138.0
4782,372.0
4783,869.0
4784,487.0
4785,966.0
4786,894.0
4787,610.0
4788,609.0
4789,639.0
4790,655.0
4791,890.0
4792,816.0
4793,411.0
4794,836.0
4795,521.0
4796,387.0
4797,517.0
4798,805.0
4799,567.0
4800,616.0
4801,698.0
4802,957.0
4803,834.0
4804,734.0
4805,529.0
4806,320.0
4807,915.0
4808,570.0
4809,1026.0
4810,1108.0
4811,1031.0
4812,355.0
4813,896.0
4814,649.0
4815,539.0
4816,1028.0
4817,709.0
4818,646.0
4819,543.0
4820,1078.0
4821,530.0
4822,820.0
4823,1113.0
4824,696.0
4825,503.0
4826,1112.0
4827,814.0
4828,1192.0
4829,1044.0
4830,1039.0
4831,590.0
4832,822.0
4833,1054.0
4834,1072.0
4835,387.0
4836,685.0
4837,1136.0
4838,1010.0
4839,668.0
4840,883.0
4841,507.0
4842,915.0
4843,784.0
4844,270.0
4845,636.0
4846,205.0
4847,1002.0
4848,261.0
4849,572.0
4850,253.0
4851,459.0
4852,654.0
4853,329.0
4854,440.0
4855,663.0
4856,1010.0
4857,641.0
4858,503.0
4859,528.0
4860,901.0
4861,387.0
4862,226.0
4863,814.0
4864,470.0
4865,512.0
4866,621.0
4867,208.0
4868,622.0
4869,653.0
4870,899.0
4871,899.0
4872,722.0
4873,745.0
4874,894.0
4875,824.0
4876,373.0
4877,1063.0
4878,616.0
4879,706.0
4880,1104.0
4881,1096.0
4882,764.0
4883,361.0
4884,425.0
4885,906.0
4886,865.0
4887,933.0
4888,741.0
4889,911.0
4890,974.0
4891,861.0
4892,842.0
4893,272.0
4894,998.0
4895,323.0
4896,425.0
4897,473.0
4898,1184.0
4899,1102.0
4900,1029.0
4901,606.0
4902,250.0
4903,850.0
4904,698.0
4905,635.0
4906,973.0
4907,757.0
4908,521.0
4909,662.0
4910,854.0
4911,678.0
4912,821.0
4913,566.0
4914,682.0
4915,329.0
4916,1112.0
4917,497.0
4918,928.0
4919,703.0
4920,691.0
4921,527.0
4922,611.0
4923,792.0
4924,767.0
4925,546.0
4926,703.0
4927,877.0
4928,497.0
4929,769.0
4930,877.0
4931,385.0
4932,296.0
4933,587.0
4934,842.0
4935,558.0
4936,493.0
4937,624.0
4938,289.0
4939,330.0
4940,837.0
4941,336.0
4942,885.0
4943,621.0
4944,1057.0
4945,416.0
4946,499.0
4947,562.0
4948,940.0
4949,871.0
4950,380.0
4951,543.0
4952,535.0
4953,736.0
4954,672.0
4955,354.0
4956,1207.0
4957,554.0
4958,1097.0
4959,367.0
4960,497.0
4961,421.0
4962,727.0
4963,899.0
4964,429.0
4965,772.0
4966,328.0
4967,552.0
4968,806.0
4969,1128.0
4970,648.0
4971,537.0
4972,778.0
4973,711.0
4974,811.0
4975,699.0
4976,497.0
4977,755.0
4978,470.0
4979,522.0
4980,307.0
4981,383.0
4982,802.0
4983,385.0
4984,408.0
4985,980.0
4986,342.0
4987,571.0
4988,820.0
4989,217.0
4990,656.0
4991,932.0
4992,398.0
4993,685.0
4994,427.0
4995,333.0
4996,387.0
4997,631.0
4998,341.0
4999,811.0
5000,886.0
