,training record
0,-2060.0
1,-2880.0
2,-2429.0
3,-2466.0
4,-2806.0
5,-3013.0
6,-2711.0
7,-2809.0
8,-2548.0
9,-3100.0
10,-2894.0
11,-2460.0
12,-1553.0
13,-2842.0
14,-2541.0
15,-3222.0
16,-2609.0
17,-2435.0
18,-2131.0
19,-1948.0
20,-2617.0
21,-2219.0
22,-1919.0
23,-1679.0
24,-1433.0
25,-1726.0
26,-1880.0
27,-1342.0
28,-810.0
29,-1691.0
30,-1073.0
31,-2186.0
32,-2336.0
33,-2795.0
34,-2783.0
35,-2959.0
36,-3016.0
37,-1830.0
38,-1596.0
39,-1514.0
40,-2489.0
41,-2580.0
42,-2092.0
43,-2209.0
44,-2855.0
45,-3002.0
46,-2171.0
47,-2340.0
48,-1812.0
49,-1837.0
50,-2359.0
51,-2664.0
52,-1325.0
53,-1508.0
54,-1401.0
55,-2456.0
56,-2442.0
57,-2603.0
58,-3159.0
59,-3937.0
60,-3051.0
61,-2472.0
62,-1565.0
63,-349.0
64,-1841.0
65,-2914.0
66,-1408.0
67,-1701.0
68,-2308.0
69,-1888.0
70,-1638.0
71,-920.0
72,-780.0
73,-381.0
74,-572.0
75,-1503.0
76,-1841.0
77,-2393.0
78,-2735.0
79,-3109.0
80,-2118.0
81,-1602.0
82,-287.0
83,-2031.0
84,-1568.0
85,-2182.0
86,-1457.0
87,-1373.0
88,-1334.0
89,-1388.0
90,-2451.0
91,-1865.0
92,-1459.0
93,-1517.0
94,-1262.0
95,-1001.0
96,-246.0
97,-620.0
98,-2133.0
99,-1708.0
100,-2474.0
101,-2459.0
102,-1285.0
103,-514.0
104,-595.0
105,-560.0
106,-2183.0
107,-788.0
108,-1611.0
109,-1563.0
110,-1173.0
111,-1334.0
112,-1926.0
113,-2320.0
114,-1208.0
115,-2086.0
116,-2496.0
117,-1419.0
118,-856.0
119,-1971.0
120,-1671.0
121,-1721.0
122,-1879.0
123,-1585.0
124,-988.0
125,-510.0
126,-1019.0
127,-362.0
128,-429.0
129,-1137.0
130,-1195.0
131,-571.0
132,-1829.0
133,-1601.0
134,-1762.0
135,-993.0
136,-2187.0
137,-2855.0
138,-1893.0
139,-1981.0
140,-2405.0
141,-2170.0
142,-1867.0
143,-1782.0
144,-2336.0
145,-2142.0
146,-839.0
147,-1928.0
148,-1502.0
149,-1192.0
150,-1157.0
151,-1237.0
152,-906.0
153,-958.0
154,-796.0
155,-1578.0
156,-355.0
157,-150.0
158,-667.0
159,-121.0
160,-1101.0
161,-929.0
162,-1505.0
163,134.0
164,-1157.0
165,-1252.0
166,-1656.0
167,-1347.0
168,-1523.0
169,-1866.0
170,-1967.0
171,-1370.0
172,-1535.0
173,-684.0
174,-1536.0
175,-1491.0
176,-1853.0
177,-451.0
178,-1208.0
179,-687.0
180,-917.0
181,-1438.0
182,-1256.0
183,-1401.0
184,412.0
185,-1062.0
186,308.0
187,-926.0
188,-625.0
189,-1068.0
190,-760.0
191,-611.0
192,-192.0
193,-409.0
194,-923.0
195,-1287.0
196,-1869.0
197,-1934.0
198,-1109.0
199,-915.0
200,-1725.0
201,-1737.0
202,-1577.0
203,-1582.0
204,-1778.0
205,-1495.0
206,-1614.0
207,-1663.0
208,-950.0
209,-622.0
210,-1331.0
211,-1155.0
212,-935.0
213,-1876.0
214,-582.0
215,-77.0
216,-1193.0
217,-1533.0
218,-811.0
219,-585.0
220,-1050.0
221,-983.0
222,-771.0
223,-421.0
224,67.0
225,-617.0
226,-332.0
227,-1237.0
228,-573.0
229,-222.0
230,342.0
231,-148.0
232,-1609.0
233,-791.0
234,-2164.0
235,-1315.0
236,-758.0
237,-1301.0
238,-1116.0
239,-1684.0
240,-1485.0
241,-1556.0
242,-1249.0
243,-751.0
244,-839.0
245,-611.0
246,-91.0
247,64.0
248,-194.0
249,40.0
250,318.0
251,914.0
252,828.0
253,327.0
254,264.0
255,259.0
256,-119.0
257,73.0
258,149.0
259,6.0
260,435.0
261,510.0
262,1036.0
263,574.0
264,573.0
265,478.0
266,286.0
267,351.0
268,232.0
269,427.0
270,441.0
271,683.0
272,800.0
273,1106.0
274,501.0
275,341.0
276,357.0
277,71.0
278,160.0
279,-102.0
280,173.0
281,156.0
282,235.0
283,430.0
284,188.0
285,382.0
286,1284.0
287,1415.0
288,983.0
289,603.0
290,337.0
291,196.0
292,316.0
293,552.0
294,1144.0
295,882.0
296,581.0
297,167.0
298,262.0
299,247.0
300,259.0
301,364.0
302,227.0
303,135.0
304,416.0
305,718.0
306,660.0
307,718.0
308,1373.0
309,1227.0
310,1244.0
311,1116.0
312,573.0
313,394.0
314,434.0
315,367.0
316,385.0
317,494.0
318,531.0
319,923.0
320,1146.0
321,1270.0
322,1098.0
323,777.0
324,639.0
325,-36.0
326,272.0
327,193.0
328,190.0
329,571.0
330,1252.0
331,966.0
332,560.0
333,584.0
334,486.0
335,506.0
336,464.0
337,646.0
338,1193.0
339,1342.0
340,1259.0
341,1236.0
342,950.0
343,19.0
344,301.0
345,-28.0
346,150.0
347,308.0
348,321.0
349,1399.0
350,1623.0
351,1189.0
352,1278.0
353,1155.0
354,979.0
355,349.0
356,374.0
357,390.0
358,1027.0
359,1270.0
360,648.0
361,342.0
362,-38.0
363,60.0
364,114.0
365,98.0
366,81.0
367,185.0
368,-52.0
369,312.0
370,346.0
371,378.0
372,1048.0
373,1124.0
374,1560.0
375,1232.0
376,579.0
377,283.0
378,302.0
379,292.0
380,197.0
381,287.0
382,552.0
383,919.0
384,1608.0
385,1253.0
386,1215.0
387,295.0
388,300.0
389,156.0
390,47.0
391,159.0
392,-1.0
393,232.0
394,475.0
395,463.0
396,719.0
397,963.0
398,1182.0
399,1666.0
400,1161.0
401,662.0
402,354.0
403,369.0
404,180.0
405,392.0
406,334.0
407,274.0
408,387.0
409,496.0
410,758.0
411,1271.0
412,1033.0
413,1512.0
414,597.0
415,1584.0
416,201.0
417,271.0
418,208.0
419,133.0
420,317.0
421,157.0
422,373.0
423,336.0
424,746.0
425,921.0
426,1672.0
427,1236.0
428,1588.0
429,762.0
430,224.0
431,220.0
432,404.0
433,299.0
434,303.0
435,666.0
436,1199.0
437,1431.0
438,1733.0
439,1186.0
440,1338.0
441,379.0
442,90.0
443,357.0
444,767.0
445,765.0
446,388.0
447,1364.0
448,1528.0
449,1661.0
450,629.0
451,689.0
452,605.0
453,383.0
454,352.0
455,386.0
456,725.0
457,789.0
458,1062.0
459,1718.0
460,1797.0
461,1915.0
462,788.0
463,520.0
464,496.0
465,236.0
466,105.0
467,317.0
468,355.0
469,897.0
470,1219.0
471,1943.0
472,1896.0
473,1324.0
474,474.0
475,1322.0
476,613.0
477,330.0
478,372.0
479,422.0
480,1055.0
481,1093.0
482,1754.0
483,1565.0
484,1939.0
485,1464.0
486,784.0
487,364.0
488,153.0
489,107.0
490,265.0
491,684.0
492,991.0
493,1484.0
494,1796.0
495,1645.0
496,1683.0
497,1042.0
498,596.0
499,444.0
500,929.0
501,1102.0
502,1704.0
503,1839.0
504,1523.0
505,826.0
506,299.0
507,295.0
508,23.0
509,90.0
510,163.0
511,248.0
512,438.0
513,492.0
514,921.0
515,1262.0
516,1676.0
517,1887.0
518,1977.0
519,1908.0
520,1175.0
521,408.0
522,469.0
523,475.0
524,385.0
525,319.0
526,627.0
527,1039.0
528,1778.0
529,1965.0
530,1763.0
531,1607.0
532,953.0
533,579.0
534,358.0
535,183.0
536,984.0
537,899.0
538,1573.0
539,2096.0
540,1921.0
541,1887.0
542,870.0
543,937.0
544,552.0
545,316.0
546,566.0
547,361.0
548,1347.0
549,1692.0
550,1829.0
551,1730.0
552,1525.0
553,1179.0
554,549.0
555,501.0
556,208.0
557,652.0
558,731.0
559,1610.0
560,2099.0
561,1861.0
562,1290.0
563,947.0
564,986.0
565,446.0
566,420.0
567,362.0
568,422.0
569,813.0
570,1101.0
571,1829.0
572,1979.0
573,2139.0
574,2020.0
575,1606.0
576,852.0
577,496.0
578,925.0
579,1026.0
580,1253.0
581,1980.0
582,2101.0
583,1646.0
584,741.0
585,309.0
586,257.0
587,301.0
588,354.0
589,434.0
590,587.0
591,709.0
592,1352.0
593,1376.0
594,1698.0
595,1669.0
596,1687.0
597,1560.0
598,973.0
599,658.0
600,275.0
601,211.0
602,483.0
603,377.0
604,752.0
605,1448.0
606,1947.0
607,2127.0
608,2079.0
609,1945.0
610,1202.0
611,578.0
612,618.0
613,728.0
614,513.0
615,427.0
616,770.0
617,1589.0
618,1857.0
619,1979.0
620,2102.0
621,1858.0
622,1995.0
623,816.0
624,391.0
625,394.0
626,316.0
627,700.0
628,964.0
629,1249.0
630,2106.0
631,2037.0
632,2105.0
633,1609.0
634,1254.0
635,569.0
636,506.0
637,372.0
638,284.0
639,477.0
640,850.0
641,1253.0
642,1762.0
643,1983.0
644,1943.0
645,2127.0
646,1835.0
647,1568.0
648,688.0
649,820.0
650,565.0
651,478.0
652,913.0
653,1602.0
654,2110.0
655,2124.0
656,2053.0
657,1631.0
658,1235.0
659,571.0
660,588.0
661,746.0
662,1039.0
663,1561.0
664,1844.0
665,2185.0
666,2044.0
667,1512.0
668,808.0
669,673.0
670,445.0
671,478.0
672,583.0
673,729.0
674,1430.0
675,1887.0
676,2030.0
677,2122.0
678,1880.0
679,1054.0
680,918.0
681,380.0
682,400.0
683,358.0
684,516.0
685,1582.0
686,1566.0
687,1852.0
688,2218.0
689,2162.0
690,2155.0
691,1434.0
692,1499.0
693,1104.0
694,1425.0
695,1578.0
696,1570.0
697,2102.0
698,2177.0
699,1895.0
700,1379.0
701,1362.0
702,563.0
703,617.0
704,503.0
705,853.0
706,1476.0
707,1461.0
708,2083.0
709,1881.0
710,1820.0
711,1655.0
712,1657.0
713,793.0
714,936.0
715,2107.0
716,2100.0
717,2177.0
718,2394.0
719,2177.0
720,2036.0
721,1688.0
722,1056.0
723,1530.0
724,886.0
725,1189.0
726,1118.0
727,1709.0
728,1914.0
729,2364.0
730,2282.0
731,1984.0
732,1920.0
733,1187.0
734,1701.0
735,1818.0
736,1668.0
737,2074.0
738,2359.0
739,2054.0
740,1655.0
741,1890.0
742,1177.0
743,685.0
744,491.0
745,1207.0
746,1583.0
747,1598.0
748,2204.0
749,2261.0
750,2278.0
751,1014.0
752,1029.0
753,934.0
754,1038.0
755,847.0
756,667.0
757,1897.0
758,2068.0
759,2232.0
760,2222.0
761,2186.0
762,2098.0
763,829.0
764,721.0
765,401.0
766,342.0
767,881.0
768,1042.0
769,2094.0
770,2063.0
771,2189.0
772,2331.0
773,2092.0
774,2071.0
775,2011.0
776,1692.0
777,2114.0
778,2265.0
779,2230.0
780,2245.0
781,2043.0
782,2014.0
783,1849.0
784,1592.0
785,1472.0
786,1407.0
787,2146.0
788,2179.0
789,2285.0
790,2203.0
791,2214.0
792,2135.0
793,2367.0
794,2218.0
795,2215.0
796,2217.0
797,2302.0
798,2361.0
799,2323.0
800,2285.0
801,1753.0
802,1746.0
803,1783.0
804,1662.0
805,1704.0
806,1594.0
807,1844.0
808,1804.0
809,2042.0
810,2253.0
811,2367.0
812,2271.0
813,2230.0
814,1811.0
815,1628.0
816,1474.0
817,1211.0
818,954.0
819,1154.0
820,2235.0
821,2381.0
822,2313.0
823,2275.0
824,2273.0
825,1788.0
826,1251.0
827,1116.0
828,975.0
829,1591.0
830,1867.0
831,1977.0
832,2410.0
833,2279.0
834,2175.0
835,2124.0
836,2154.0
837,1847.0
838,2170.0
839,2030.0
840,1825.0
841,1741.0
842,1836.0
843,2100.0
844,2228.0
845,2196.0
846,2428.0
847,2249.0
848,2136.0
849,2007.0
850,2152.0
851,1999.0
852,2092.0
853,1838.0
854,1959.0
855,2224.0
856,2205.0
857,2284.0
858,2091.0
859,2035.0
860,1479.0
861,1351.0
862,1081.0
863,1321.0
864,1759.0
865,1939.0
866,2179.0
867,2138.0
868,2332.0
869,2140.0
870,2009.0
871,2257.0
872,2135.0
873,2380.0
874,2051.0
875,1881.0
876,2238.0
877,2180.0
878,2310.0
879,2305.0
880,1736.0
881,2272.0
882,2154.0
883,1573.0
884,1133.0
885,1274.0
886,1462.0
887,2176.0
888,2219.0
889,2194.0
890,1307.0
891,1617.0
892,2120.0
893,2197.0
894,1967.0
895,2089.0
896,2257.0
897,2045.0
898,2264.0
899,2116.0
900,2252.0
901,2228.0
902,2371.0
903,2339.0
904,2324.0
905,2214.0
906,2161.0
907,1867.0
908,2216.0
909,2190.0
910,2223.0
911,1767.0
912,2000.0
913,1644.0
914,1625.0
915,1273.0
916,1288.0
917,1853.0
918,1876.0
919,2184.0
920,2337.0
921,2342.0
922,2033.0
923,2208.0
924,2038.0
925,2150.0
926,1809.0
927,1791.0
928,2084.0
929,2365.0
930,2277.0
931,2214.0
932,2282.0
933,2212.0
934,2195.0
935,2234.0
936,2193.0
937,2207.0
938,2319.0
939,2314.0
940,2425.0
941,2188.0
942,1998.0
943,2038.0
944,1813.0
945,1934.0
946,1891.0
947,2226.0
948,2373.0
949,2160.0
950,2197.0
951,2156.0
952,2269.0
953,2186.0
954,2146.0
955,2166.0
956,2246.0
957,2327.0
958,2224.0
959,2334.0
960,2158.0
961,2124.0
962,2236.0
963,2127.0
964,2336.0
965,2306.0
966,2343.0
967,2155.0
968,2300.0
969,2169.0
970,2190.0
971,2190.0
972,2264.0
973,2324.0
974,2309.0
975,2239.0
976,2188.0
977,2202.0
978,2184.0
979,2303.0
980,2168.0
981,2077.0
982,1911.0
983,2237.0
984,2122.0
985,2283.0
986,2192.0
987,2128.0
988,2337.0
989,2201.0
990,2304.0
991,2251.0
992,2326.0
993,2205.0
994,2327.0
995,2341.0
996,1998.0
997,1973.0
998,1576.0
999,1421.0
1000,1544.0
1001,1494.0
1002,1806.0
1003,2221.0
1004,2307.0
1005,2303.0
1006,2324.0
1007,2213.0
1008,2185.0
1009,2037.0
1010,2357.0
1011,2252.0
1012,2156.0
1013,2219.0
1014,2322.0
1015,2223.0
1016,2157.0
1017,2161.0
1018,1951.0
1019,1656.0
1020,1173.0
1021,1500.0
1022,1571.0
1023,1418.0
1024,2159.0
1025,2257.0
1026,2227.0
1027,2255.0
1028,2186.0
1029,2282.0
1030,2143.0
1031,1855.0
1032,2217.0
1033,2265.0
1034,2353.0
1035,2361.0
1036,2193.0
1037,2152.0
1038,2321.0
1039,2282.0
1040,2250.0
1041,2323.0
1042,2213.0
1043,2241.0
1044,2269.0
1045,2295.0
1046,2202.0
1047,2199.0
1048,2337.0
1049,2356.0
1050,2307.0
1051,2318.0
1052,2301.0
1053,2305.0
1054,2324.0
1055,2240.0
1056,2019.0
1057,2225.0
1058,2267.0
1059,2303.0
1060,2282.0
1061,2367.0
1062,2363.0
1063,2355.0
1064,2222.0
1065,2251.0
1066,2215.0
1067,2156.0
1068,2238.0
1069,2320.0
1070,2191.0
1071,2100.0
1072,1983.0
1073,2015.0
1074,2024.0
1075,2195.0
1076,2318.0
1077,2324.0
1078,2312.0
1079,2275.0
1080,2298.0
1081,2163.0
1082,1571.0
1083,1358.0
1084,1920.0
1085,1336.0
1086,1595.0
1087,1979.0
1088,2218.0
1089,2216.0
1090,2347.0
1091,2311.0
1092,2170.0
1093,2393.0
1094,2285.0
1095,2123.0
1096,2129.0
1097,2246.0
1098,2282.0
1099,2342.0
1100,2331.0
1101,2186.0
1102,2281.0
1103,2159.0
1104,2196.0
1105,2326.0
1106,2339.0
1107,2199.0
1108,2034.0
1109,2045.0
1110,2221.0
1111,2230.0
1112,2280.0
1113,2259.0
1114,2264.0
1115,2239.0
1116,2255.0
1117,2313.0
1118,2356.0
1119,2314.0
1120,2489.0
1121,2295.0
1122,2367.0
1123,2302.0
1124,2068.0
1125,2124.0
1126,1808.0
1127,1705.0
1128,1513.0
1129,1108.0
1130,992.0
1131,942.0
1132,992.0
1133,1525.0
1134,1966.0
1135,2352.0
1136,2334.0
1137,2380.0
1138,2216.0
1139,2165.0
1140,2300.0
1141,2275.0
1142,2266.0
1143,2196.0
1144,2333.0
1145,2359.0
1146,2166.0
1147,2026.0
1148,1968.0
1149,2092.0
1150,1448.0
1151,940.0
1152,1303.0
1153,1170.0
1154,1170.0
1155,1062.0
1156,1330.0
1157,2088.0
1158,2189.0
1159,2267.0
1160,2218.0
1161,2262.0
1162,2104.0
1163,2133.0
1164,2099.0
1165,2176.0
1166,1917.0
1167,1847.0
1168,2107.0
1169,2193.0
1170,2145.0
1171,2315.0
1172,2258.0
1173,2314.0
1174,2318.0
1175,2352.0
1176,2116.0
1177,1930.0
1178,2095.0
1179,1706.0
1180,1590.0
1181,1171.0
1182,1626.0
1183,2068.0
1184,2086.0
1185,2188.0
1186,2241.0
1187,2296.0
1188,2327.0
1189,2247.0
1190,2186.0
1191,2151.0
1192,2107.0
1193,2067.0
1194,2193.0
1195,2124.0
1196,1971.0
1197,1957.0
1198,1881.0
1199,2099.0
1200,2319.0
1201,2216.0
1202,2314.0
1203,2232.0
1204,2024.0
1205,1938.0
1206,2086.0
1207,2092.0
1208,2129.0
1209,2236.0
1210,2199.0
1211,2325.0
1212,2265.0
1213,2243.0
1214,2301.0
1215,2190.0
1216,2275.0
1217,2253.0
1218,2205.0
1219,2194.0
1220,2265.0
1221,2317.0
1222,2191.0
1223,2235.0
1224,2076.0
1225,2215.0
1226,2297.0
1227,2129.0
1228,2271.0
1229,2279.0
1230,2280.0
1231,2277.0
1232,2195.0
1233,2303.0
1234,2220.0
1235,2094.0
1236,2067.0
1237,2145.0
1238,2156.0
1239,2185.0
1240,2099.0
1241,2203.0
1242,2243.0
1243,2280.0
1244,2244.0
1245,2191.0
1246,2221.0
1247,2221.0
1248,2200.0
1249,2215.0
1250,1880.0
1251,2120.0
1252,2170.0
1253,2186.0
1254,2156.0
1255,2267.0
1256,2321.0
1257,2314.0
1258,2319.0
1259,2219.0
1260,2259.0
1261,2281.0
1262,2301.0
1263,2275.0
1264,2208.0
1265,2291.0
1266,2295.0
1267,2225.0
1268,2075.0
1269,2054.0
1270,1887.0
1271,2018.0
1272,2121.0
1273,2020.0
1274,2047.0
1275,2234.0
1276,2227.0
1277,2312.0
1278,2253.0
1279,2241.0
1280,2216.0
1281,1974.0
1282,1935.0
1283,1903.0
1284,2019.0
1285,1854.0
1286,1772.0
1287,2173.0
1288,2241.0
1289,2268.0
1290,2275.0
1291,1843.0
1292,2261.0
1293,1741.0
1294,2131.0
1295,2194.0
1296,2231.0
1297,2074.0
1298,2250.0
1299,2276.0
1300,2093.0
1301,2208.0
1302,2159.0
1303,2316.0
1304,2244.0
1305,2223.0
1306,2262.0
1307,2229.0
1308,2120.0
1309,2236.0
1310,2062.0
1311,2238.0
1312,2195.0
1313,2145.0
1314,2351.0
1315,2268.0
1316,2255.0
1317,2229.0
1318,2073.0
1319,2157.0
1320,2226.0
1321,2205.0
1322,1897.0
1323,1329.0
1324,1679.0
1325,1796.0
1326,1911.0
1327,1736.0
1328,1977.0
1329,2076.0
1330,2251.0
1331,2290.0
1332,2329.0
1333,2263.0
1334,2281.0
1335,1979.0
1336,2290.0
1337,2092.0
1338,2142.0
1339,2241.0
1340,2315.0
1341,2247.0
1342,2258.0
1343,2293.0
1344,2072.0
1345,2088.0
1346,2071.0
1347,2172.0
1348,2085.0
1349,2145.0
1350,2225.0
1351,2334.0
1352,2279.0
1353,2277.0
1354,2334.0
1355,2217.0
1356,2309.0
1357,2161.0
1358,2194.0
1359,2277.0
1360,2353.0
1361,2254.0
1362,2163.0
1363,2034.0
1364,2164.0
1365,2119.0
1366,2035.0
1367,2159.0
1368,2075.0
1369,2190.0
1370,2263.0
1371,2224.0
1372,2258.0
1373,2290.0
1374,2298.0
1375,2200.0
1376,2208.0
1377,1981.0
1378,2086.0
1379,2095.0
1380,1971.0
1381,2053.0
1382,2261.0
1383,1863.0
1384,1782.0
1385,2261.0
1386,2101.0
1387,1902.0
1388,1581.0
1389,2238.0
1390,2123.0
1391,2081.0
1392,1995.0
1393,2264.0
1394,2130.0
1395,2265.0
1396,1974.0
1397,2137.0
1398,2313.0
1399,2216.0
1400,2260.0
1401,2170.0
1402,1880.0
1403,2051.0
1404,1856.0
1405,1797.0
1406,1871.0
1407,2166.0
1408,2325.0
1409,2118.0
1410,2202.0
1411,2031.0
1412,1681.0
1413,1634.0
1414,1566.0
1415,1654.0
1416,1901.0
1417,1955.0
1418,2236.0
1419,2276.0
1420,2210.0
1421,2244.0
1422,1640.0
1423,1706.0
1424,1566.0
1425,1362.0
1426,1332.0
1427,1354.0
1428,2048.0
1429,2174.0
1430,2220.0
1431,2167.0
1432,2383.0
1433,1989.0
1434,1745.0
1435,1890.0
1436,1907.0
1437,1526.0
1438,1670.0
1439,2056.0
1440,2113.0
1441,2166.0
1442,2199.0
1443,2247.0
1444,2340.0
1445,2131.0
1446,2086.0
1447,2128.0
1448,2178.0
1449,2169.0
1450,2105.0
1451,2114.0
1452,2096.0
1453,1981.0
1454,2067.0
1455,1908.0
1456,1895.0
1457,2137.0
1458,2151.0
1459,2194.0
1460,2250.0
1461,2254.0
1462,2216.0
1463,2050.0
1464,2237.0
1465,2081.0
1466,2170.0
1467,2192.0
1468,2145.0
1469,2202.0
1470,2139.0
1471,2083.0
1472,2169.0
1473,2110.0
1474,1795.0
1475,2146.0
1476,2038.0
1477,2222.0
1478,2268.0
1479,2295.0
1480,2273.0
1481,2228.0
1482,2256.0
1483,2079.0
1484,2166.0
1485,2111.0
1486,2089.0
1487,2215.0
1488,2184.0
1489,2200.0
1490,2296.0
1491,2265.0
1492,2315.0
1493,2228.0
1494,2211.0
1495,2233.0
1496,2235.0
1497,2318.0
1498,2301.0
1499,2322.0
1500,2179.0
1501,2149.0
1502,2398.0
1503,2315.0
1504,2295.0
1505,2200.0
1506,2139.0
1507,2165.0
1508,2387.0
1509,2324.0
1510,2229.0
1511,2237.0
1512,2257.0
1513,2305.0
1514,2328.0
1515,2243.0
1516,2196.0
1517,2231.0
1518,2298.0
1519,2217.0
1520,2258.0
1521,2288.0
1522,2193.0
1523,2358.0
1524,2153.0
1525,2081.0
1526,1856.0
1527,1918.0
1528,1970.0
1529,1644.0
1530,1533.0
1531,1385.0
1532,1738.0
1533,2097.0
1534,2257.0
1535,2215.0
1536,2379.0
1537,2343.0
1538,2292.0
1539,2227.0
1540,2261.0
1541,2218.0
1542,2311.0
1543,2312.0
1544,2300.0
1545,2357.0
1546,2312.0
1547,2262.0
1548,2258.0
1549,2253.0
1550,2239.0
1551,2229.0
1552,1631.0
1553,1368.0
1554,1055.0
1555,722.0
1556,582.0
1557,405.0
1558,333.0
1559,841.0
1560,1428.0
1561,1223.0
1562,1848.0
1563,2172.0
1564,2292.0
1565,2280.0
1566,2343.0
1567,2331.0
1568,2337.0
1569,2249.0
1570,2218.0
1571,2109.0
1572,2144.0
1573,2032.0
1574,2100.0
1575,2121.0
1576,2152.0
1577,2354.0
1578,2306.0
1579,2316.0
1580,2280.0
1581,2240.0
1582,2242.0
1583,2231.0
1584,1929.0
1585,1918.0
1586,1777.0
1587,987.0
1588,650.0
1589,673.0
1590,888.0
1591,712.0
1592,1445.0
1593,1692.0
1594,2063.0
1595,2165.0
1596,2333.0
1597,2339.0
1598,2297.0
1599,2309.0
1600,2303.0
1601,2290.0
1602,2316.0
1603,2290.0
1604,2181.0
1605,2289.0
1606,2353.0
1607,2259.0
1608,2355.0
1609,2377.0
1610,2291.0
1611,2294.0
1612,2221.0
1613,2324.0
1614,2229.0
1615,2225.0
1616,2294.0
1617,2282.0
1618,2201.0
1619,2189.0
1620,1899.0
1621,1942.0
1622,2135.0
1623,2151.0
1624,2169.0
1625,2260.0
1626,2309.0
1627,2324.0
1628,2337.0
1629,2292.0
1630,2305.0
1631,2269.0
1632,2322.0
1633,2300.0
1634,2181.0
1635,2282.0
1636,2262.0
1637,2058.0
1638,2101.0
1639,2165.0
1640,2171.0
1641,2257.0
1642,2066.0
1643,2208.0
1644,2312.0
1645,2267.0
1646,2310.0
1647,2193.0
1648,2245.0
1649,2351.0
1650,2225.0
1651,2124.0
1652,2269.0
1653,2324.0
1654,2253.0
1655,2338.0
1656,2374.0
1657,2397.0
1658,2415.0
1659,2267.0
1660,2342.0
1661,2466.0
1662,2237.0
1663,2306.0
1664,2396.0
1665,2207.0
1666,2256.0
1667,2264.0
1668,2331.0
1669,2307.0
1670,2417.0
1671,2282.0
1672,2254.0
1673,2355.0
1674,2351.0
1675,2369.0
1676,2195.0
1677,2229.0
1678,2221.0
1679,2297.0
1680,2255.0
1681,2200.0
1682,2272.0
1683,2292.0
1684,2218.0
1685,2373.0
1686,2307.0
1687,2367.0
1688,2302.0
1689,2273.0
1690,2335.0
1691,2362.0
1692,2195.0
1693,2232.0
1694,2366.0
1695,2325.0
1696,2273.0
1697,2235.0
1698,2276.0
1699,2265.0
1700,2236.0
1701,2205.0
1702,2134.0
1703,2208.0
1704,1971.0
1705,1974.0
1706,1740.0
1707,1709.0
1708,1847.0
1709,1896.0
1710,2043.0
1711,1928.0
1712,2083.0
1713,2209.0
1714,2248.0
1715,2108.0
1716,2251.0
1717,2250.0
1718,2142.0
1719,2133.0
1720,2064.0
1721,2104.0
1722,2158.0
1723,2200.0
1724,2150.0
1725,2181.0
1726,1978.0
1727,2034.0
1728,2117.0
1729,1431.0
1730,1385.0
1731,611.0
1732,822.0
1733,993.0
1734,1004.0
1735,1710.0
1736,1896.0
1737,2145.0
1738,2240.0
1739,2143.0
1740,2123.0
1741,2250.0
1742,2194.0
1743,2254.0
1744,2168.0
1745,2238.0
1746,2298.0
1747,2231.0
1748,2158.0
1749,2173.0
1750,2090.0
1751,2108.0
1752,2171.0
1753,2029.0
1754,2074.0
1755,1727.0
1756,1571.0
1757,1298.0
1758,1083.0
1759,1124.0
1760,973.0
1761,1711.0
1762,2228.0
1763,2000.0
1764,2172.0
1765,2153.0
1766,2293.0
1767,2265.0
1768,2156.0
1769,2238.0
1770,2356.0
1771,2306.0
1772,2157.0
1773,2149.0
1774,2295.0
1775,2263.0
1776,2278.0
1777,2264.0
1778,2316.0
1779,2245.0
1780,2208.0
1781,2333.0
1782,2136.0
1783,2189.0
1784,2197.0
1785,2211.0
1786,2195.0
1787,2210.0
1788,2224.0
1789,2256.0
1790,2195.0
1791,2103.0
1792,2261.0
1793,2232.0
1794,2199.0
1795,2206.0
1796,2269.0
1797,2274.0
1798,2172.0
1799,1986.0
1800,2018.0
1801,2013.0
1802,1633.0
1803,1816.0
1804,1397.0
1805,1477.0
1806,2011.0
1807,1615.0
1808,1930.0
1809,2072.0
1810,2221.0
1811,2207.0
1812,2220.0
1813,2223.0
1814,2290.0
1815,2166.0
1816,2283.0
1817,2124.0
1818,2155.0
1819,2216.0
1820,2052.0
1821,2282.0
1822,2253.0
1823,2282.0
1824,2287.0
1825,2287.0
1826,2277.0
1827,2267.0
1828,2391.0
1829,2260.0
1830,2432.0
1831,2349.0
1832,2323.0
1833,2287.0
1834,2409.0
1835,2176.0
1836,2233.0
1837,2224.0
1838,2275.0
1839,2325.0
1840,2211.0
1841,2272.0
1842,2271.0
1843,2221.0
1844,2135.0
1845,2192.0
1846,2093.0
1847,2134.0
1848,1527.0
1849,1216.0
1850,856.0
1851,651.0
1852,256.0
1853,475.0
1854,762.0
1855,1019.0
1856,1584.0
1857,1845.0
1858,2056.0
1859,2192.0
1860,2184.0
1861,2260.0
1862,2239.0
1863,2433.0
1864,2142.0
1865,2406.0
1866,2316.0
1867,2212.0
1868,2259.0
1869,2292.0
1870,2142.0
1871,2353.0
1872,2208.0
1873,2282.0
1874,2348.0
1875,2353.0
1876,2256.0
1877,2233.0
1878,2221.0
1879,2155.0
1880,2164.0
1881,2105.0
1882,1999.0
1883,2231.0
1884,2172.0
1885,2024.0
1886,2129.0
1887,2132.0
1888,2081.0
1889,2142.0
1890,2222.0
1891,1806.0
1892,2157.0
1893,1683.0
1894,1782.0
1895,2033.0
1896,2103.0
1897,2154.0
1898,2237.0
1899,2275.0
1900,2259.0
1901,2196.0
1902,2315.0
1903,2164.0
1904,2201.0
1905,2239.0
1906,2160.0
1907,2240.0
1908,2250.0
1909,2244.0
1910,2273.0
1911,2180.0
1912,2248.0
1913,2274.0
1914,2137.0
1915,2160.0
1916,2029.0
1917,2210.0
1918,2287.0
1919,2179.0
1920,2141.0
1921,2173.0
1922,2063.0
1923,2179.0
1924,2184.0
1925,2161.0
1926,2080.0
1927,2203.0
1928,2194.0
1929,2195.0
1930,2046.0
1931,2259.0
1932,2203.0
1933,2253.0
1934,2355.0
1935,2371.0
1936,2265.0
1937,2253.0
1938,2305.0
1939,2259.0
1940,2368.0
1941,2169.0
1942,2183.0
1943,2266.0
1944,2354.0
1945,2268.0
1946,2113.0
1947,2240.0
1948,2304.0
1949,2233.0
1950,2331.0
1951,2277.0
1952,2258.0
1953,2242.0
1954,2287.0
1955,2259.0
1956,2318.0
1957,2323.0
1958,2263.0
1959,2285.0
1960,2240.0
1961,2308.0
1962,2361.0
1963,2193.0
1964,2296.0
1965,2294.0
1966,2322.0
1967,2284.0
1968,2169.0
1969,2226.0
1970,2180.0
1971,2310.0
1972,2306.0
1973,2439.0
1974,2182.0
1975,2207.0
1976,2259.0
1977,2076.0
1978,1837.0
1979,1892.0
1980,1491.0
1981,1809.0
1982,1639.0
1983,1872.0
1984,1895.0
1985,2056.0
1986,2397.0
1987,2326.0
1988,2299.0
1989,2311.0
1990,2316.0
1991,2334.0
1992,2269.0
1993,2309.0
1994,2250.0
1995,2349.0
1996,2323.0
1997,2280.0
1998,2239.0
1999,2348.0
2000,2246.0
2001,2109.0
2002,2276.0
2003,2311.0
2004,2360.0
2005,2229.0
2006,2318.0
2007,2182.0
2008,2222.0
2009,2161.0
2010,2178.0
2011,2254.0
2012,2217.0
2013,2273.0
2014,2363.0
2015,2283.0
2016,2280.0
2017,2243.0
2018,1948.0
2019,2212.0
2020,1631.0
2021,1347.0
2022,1134.0
2023,1064.0
2024,776.0
2025,605.0
2026,1761.0
2027,1365.0
2028,1807.0
2029,2118.0
2030,2273.0
2031,2324.0
2032,2178.0
2033,2261.0
2034,2307.0
2035,2253.0
2036,2267.0
2037,2299.0
2038,2215.0
2039,2114.0
2040,2116.0
2041,2164.0
2042,2218.0
2043,2165.0
2044,2267.0
2045,2280.0
2046,2140.0
2047,2192.0
2048,2241.0
2049,2217.0
2050,2216.0
2051,2208.0
2052,2218.0
2053,2357.0
2054,2276.0
2055,2252.0
2056,2069.0
2057,2008.0
2058,2166.0
2059,2187.0
2060,2180.0
2061,2241.0
2062,2180.0
2063,2304.0
2064,2243.0
2065,2211.0
2066,2259.0
2067,2313.0
2068,2264.0
2069,2341.0
2070,2261.0
2071,2346.0
2072,2232.0
2073,2346.0
2074,2313.0
2075,2241.0
2076,2249.0
2077,2113.0
2078,2109.0
2079,2269.0
2080,2292.0
2081,2244.0
2082,2295.0
2083,2148.0
2084,2207.0
2085,2206.0
2086,2314.0
2087,2160.0
2088,2221.0
2089,2381.0
2090,2300.0
2091,2265.0
2092,2269.0
2093,2400.0
2094,2378.0
2095,2256.0
2096,2349.0
2097,2260.0
2098,2194.0
2099,2150.0
2100,2259.0
2101,2218.0
2102,2333.0
2103,2221.0
2104,2200.0
2105,2291.0
2106,2296.0
2107,2274.0
2108,2233.0
2109,2192.0
2110,2179.0
2111,2244.0
2112,2182.0
2113,2271.0
2114,2227.0
2115,2396.0
2116,2349.0
2117,2190.0
2118,2172.0
2119,2068.0
2120,1977.0
2121,2006.0
2122,1875.0
2123,2003.0
2124,2237.0
2125,2196.0
2126,2330.0
2127,2147.0
2128,2198.0
2129,2231.0
2130,2235.0
2131,2306.0
2132,2145.0
2133,2264.0
2134,2108.0
2135,1817.0
2136,1905.0
2137,2014.0
2138,2226.0
2139,2224.0
2140,2321.0
2141,2242.0
2142,2261.0
2143,2213.0
2144,2292.0
2145,2146.0
2146,2100.0
2147,2171.0
2148,2078.0
2149,2136.0
2150,2006.0
2151,1674.0
2152,2104.0
2153,2133.0
2154,2165.0
2155,2170.0
2156,2198.0
2157,2194.0
2158,2216.0
2159,2255.0
2160,2191.0
2161,2200.0
2162,2134.0
2163,2213.0
2164,2212.0
2165,2182.0
2166,2214.0
2167,2073.0
2168,2065.0
2169,1913.0
2170,2100.0
2171,2104.0
2172,2186.0
2173,2170.0
2174,2166.0
2175,2225.0
2176,2025.0
2177,1566.0
2178,1982.0
2179,1194.0
2180,855.0
2181,643.0
2182,460.0
2183,500.0
2184,978.0
2185,1840.0
2186,1922.0
2187,2177.0
2188,2273.0
2189,2271.0
2190,2220.0
2191,2300.0
2192,2332.0
2193,2321.0
2194,2332.0
2195,2327.0
2196,2232.0
2197,2361.0
2198,2145.0
2199,2155.0
2200,2287.0
2201,2202.0
2202,2230.0
2203,2137.0
2204,2132.0
2205,2247.0
2206,2230.0
2207,2242.0
2208,2108.0
2209,2092.0
2210,2087.0
2211,2199.0
2212,2236.0
2213,2223.0
2214,2195.0
2215,2068.0
2216,2050.0
2217,2182.0
2218,2096.0
2219,2096.0
2220,2144.0
2221,2113.0
2222,2315.0
2223,2205.0
2224,2256.0
2225,2190.0
2226,2227.0
2227,2376.0
2228,2277.0
2229,2202.0
2230,2339.0
2231,2326.0
2232,2374.0
2233,2266.0
2234,2326.0
2235,2170.0
2236,1870.0
2237,2035.0
2238,2041.0
2239,2307.0
2240,2236.0
2241,2296.0
2242,2165.0
2243,2175.0
2244,2053.0
2245,2051.0
2246,2236.0
2247,2147.0
2248,2287.0
2249,2319.0
2250,2158.0
2251,2262.0
2252,2330.0
2253,2192.0
2254,2345.0
2255,2332.0
2256,2170.0
2257,2248.0
2258,2246.0
2259,2253.0
2260,2196.0
2261,2232.0
2262,2294.0
2263,2214.0
2264,2335.0
2265,2302.0
2266,2397.0
2267,2364.0
2268,2311.0
2269,2299.0
2270,2303.0
2271,2291.0
2272,2335.0
2273,2204.0
2274,2214.0
2275,2164.0
2276,2049.0
2277,2123.0
2278,2189.0
2279,2211.0
2280,2262.0
2281,2229.0
2282,2222.0
2283,2334.0
2284,2223.0
2285,2287.0
2286,2270.0
2287,2262.0
2288,2293.0
2289,2299.0
2290,2277.0
2291,2338.0
2292,2252.0
2293,2286.0
2294,2262.0
2295,2324.0
2296,2253.0
2297,2336.0
2298,2240.0
2299,2257.0
2300,2358.0
2301,2343.0
2302,2213.0
2303,2231.0
2304,2268.0
2305,2333.0
2306,2305.0
2307,2290.0
2308,2216.0
2309,2249.0
2310,2255.0
2311,2358.0
2312,2293.0
2313,2262.0
2314,2292.0
2315,2259.0
2316,2288.0
2317,2254.0
2318,2261.0
2319,2230.0
2320,2328.0
2321,2301.0
2322,2326.0
2323,2247.0
2324,2256.0
2325,2163.0
2326,2336.0
2327,2270.0
2328,2308.0
2329,2354.0
2330,2274.0
2331,2305.0
2332,2342.0
2333,2287.0
2334,2196.0
2335,2192.0
2336,2216.0
2337,2121.0
2338,1975.0
2339,2016.0
2340,2099.0
2341,2198.0
2342,2164.0
2343,2172.0
2344,2341.0
2345,2382.0
2346,2212.0
2347,2353.0
2348,2326.0
2349,2135.0
2350,2224.0
2351,2225.0
2352,2330.0
2353,2247.0
2354,2203.0
2355,2341.0
2356,2394.0
2357,2272.0
2358,2222.0
2359,2245.0
2360,2298.0
2361,2230.0
2362,2230.0
2363,2261.0
2364,2173.0
2365,2252.0
2366,2183.0
2367,2175.0
2368,2374.0
2369,2314.0
2370,2223.0
2371,2234.0
2372,2335.0
2373,2213.0
2374,2259.0
2375,2256.0
2376,2277.0
2377,2219.0
2378,2223.0
2379,2318.0
2380,2270.0
2381,2298.0
2382,2226.0
2383,2301.0
2384,2253.0
2385,2156.0
2386,2117.0
2387,1983.0
2388,1404.0
2389,1457.0
2390,1488.0
2391,1396.0
2392,1762.0
2393,2016.0
2394,2174.0
2395,2112.0
2396,2305.0
2397,2191.0
2398,2191.0
2399,2252.0
2400,2173.0
2401,2237.0
2402,2199.0
2403,2155.0
2404,2083.0
2405,2250.0
2406,2292.0
2407,2242.0
2408,2078.0
2409,2229.0
2410,2280.0
2411,2234.0
2412,2177.0
2413,2092.0
2414,2114.0
2415,2078.0
2416,1919.0
2417,1432.0
2418,1447.0
2419,1280.0
2420,975.0
2421,688.0
2422,1044.0
2423,1448.0
2424,1572.0
2425,1838.0
2426,1983.0
2427,2105.0
2428,2135.0
2429,2249.0
2430,2279.0
2431,2290.0
2432,2230.0
2433,2168.0
2434,2081.0
2435,2025.0
2436,2108.0
2437,2081.0
2438,1964.0
2439,2223.0
2440,2285.0
2441,2195.0
2442,2174.0
2443,2260.0
2444,2255.0
2445,2283.0
2446,2292.0
2447,2274.0
2448,2289.0
2449,2227.0
2450,2206.0
2451,2267.0
2452,2154.0
2453,2290.0
2454,1820.0
2455,2086.0
2456,1910.0
2457,1384.0
2458,1198.0
2459,1423.0
2460,950.0
2461,2020.0
2462,2068.0
2463,1914.0
2464,2131.0
2465,2159.0
2466,2181.0
2467,2178.0
2468,2212.0
2469,2185.0
2470,2209.0
2471,2200.0
2472,2183.0
2473,2247.0
2474,2193.0
2475,2182.0
2476,2143.0
2477,2234.0
2478,2286.0
2479,2216.0
2480,2253.0
2481,2250.0
2482,2299.0
2483,2178.0
2484,2274.0
2485,2288.0
2486,2168.0
2487,2236.0
2488,2209.0
2489,1918.0
2490,1851.0
2491,1839.0
2492,2004.0
2493,2170.0
2494,2113.0
2495,2116.0
2496,2223.0
2497,2302.0
2498,2185.0
2499,2236.0
2500,2211.0
2501,2248.0
2502,2230.0
2503,2335.0
2504,2281.0
2505,2188.0
2506,2291.0
2507,2309.0
2508,2312.0
2509,2232.0
2510,2362.0
2511,2108.0
2512,2041.0
2513,2030.0
2514,1786.0
2515,1488.0
2516,1489.0
2517,1241.0
2518,1689.0
2519,2266.0
2520,2135.0
2521,2214.0
2522,2312.0
2523,2274.0
2524,2250.0
2525,2185.0
2526,2256.0
2527,2143.0
2528,2135.0
2529,2162.0
2530,2232.0
2531,2181.0
2532,2203.0
2533,2201.0
2534,2210.0
2535,2236.0
2536,2207.0
2537,2239.0
2538,2242.0
2539,2250.0
2540,2228.0
2541,2350.0
2542,2142.0
2543,2234.0
2544,2228.0
2545,2313.0
2546,2151.0
2547,2134.0
2548,1972.0
2549,1565.0
2550,1252.0
2551,1193.0
2552,741.0
2553,1335.0
2554,1270.0
2555,1594.0
2556,1713.0
2557,2235.0
2558,2312.0
2559,2256.0
2560,2301.0
2561,2307.0
2562,2318.0
2563,2240.0
2564,2175.0
2565,2252.0
2566,2290.0
2567,2269.0
2568,2295.0
2569,2272.0
2570,2298.0
2571,2356.0
2572,2238.0
2573,2252.0
2574,2204.0
2575,2304.0
2576,2336.0
2577,2330.0
2578,2322.0
2579,2255.0
2580,2200.0
2581,2107.0
2582,2194.0
2583,2351.0
2584,2234.0
2585,2309.0
2586,2125.0
2587,2338.0
2588,2327.0
2589,2352.0
2590,2408.0
2591,2350.0
2592,2346.0
2593,2285.0
2594,2303.0
2595,2144.0
2596,2345.0
2597,2306.0
2598,2276.0
2599,2226.0
2600,2325.0
2601,2342.0
2602,2240.0
2603,2254.0
2604,2375.0
2605,2332.0
2606,2287.0
2607,2361.0
2608,2357.0
2609,2392.0
2610,2378.0
2611,2323.0
2612,2465.0
2613,2363.0
2614,2183.0
2615,2235.0
2616,2212.0
2617,2314.0
2618,2257.0
2619,2323.0
2620,2295.0
2621,2364.0
2622,2276.0
2623,2243.0
2624,2318.0
2625,2346.0
2626,2327.0
2627,2332.0
2628,2213.0
2629,2321.0
2630,2348.0
2631,2279.0
2632,2119.0
2633,2284.0
2634,2258.0
2635,2286.0
2636,2302.0
2637,2196.0
2638,2228.0
2639,1925.0
2640,2008.0
2641,2048.0
2642,2049.0
2643,1870.0
2644,1906.0
2645,2095.0
2646,2195.0
2647,2296.0
2648,2220.0
2649,2178.0
2650,2209.0
2651,2268.0
2652,2266.0
2653,2218.0
2654,2352.0
2655,2173.0
2656,2217.0
2657,2295.0
2658,2269.0
2659,2268.0
2660,2245.0
2661,2190.0
2662,1957.0
2663,1889.0
2664,1818.0
2665,1804.0
2666,1640.0
2667,1793.0
2668,1750.0
2669,1965.0
2670,2236.0
2671,2263.0
2672,2273.0
2673,2373.0
2674,2327.0
2675,2444.0
2676,2196.0
2677,2256.0
2678,2233.0
2679,2300.0
2680,2339.0
2681,2316.0
2682,2255.0
2683,2247.0
2684,2139.0
2685,2259.0
2686,2260.0
2687,2284.0
2688,2209.0
2689,2359.0
2690,2197.0
2691,2199.0
2692,2369.0
2693,2223.0
2694,2255.0
2695,2377.0
2696,2420.0
2697,2293.0
2698,2257.0
2699,2260.0
2700,2189.0
2701,2297.0
2702,2426.0
2703,2283.0
2704,2376.0
2705,2185.0
2706,2372.0
2707,2235.0
2708,2283.0
2709,2386.0
2710,2228.0
2711,2353.0
2712,2301.0
2713,2211.0
2714,2078.0
2715,2201.0
2716,2187.0
2717,2086.0
2718,2138.0
2719,2084.0
2720,2047.0
2721,2130.0
2722,2172.0
2723,2235.0
2724,2202.0
2725,2199.0
2726,2247.0
2727,2180.0
2728,2189.0
2729,2230.0
2730,2185.0
2731,2030.0
2732,2088.0
2733,2176.0
2734,2252.0
2735,2127.0
2736,2198.0
2737,2188.0
2738,2184.0
2739,2146.0
2740,2138.0
2741,1703.0
2742,1335.0
2743,1368.0
2744,1070.0
2745,965.0
2746,654.0
2747,802.0
2748,1190.0
2749,1751.0
2750,2153.0
2751,2178.0
2752,2150.0
2753,2184.0
2754,2158.0
2755,2326.0
2756,2326.0
2757,2276.0
2758,2120.0
2759,2244.0
2760,2297.0
2761,2173.0
2762,2058.0
2763,2098.0
2764,2279.0
2765,2071.0
2766,2186.0
2767,2222.0
2768,2201.0
2769,2326.0
2770,2246.0
2771,2319.0
2772,2379.0
2773,2352.0
2774,2296.0
2775,2209.0
2776,2336.0
2777,2311.0
2778,2315.0
2779,2311.0
2780,2350.0
2781,2140.0
2782,2240.0
2783,2296.0
2784,2321.0
2785,2252.0
2786,2187.0
2787,2373.0
2788,2282.0
2789,2238.0
2790,2160.0
2791,2384.0
2792,2112.0
2793,2379.0
2794,2399.0
2795,2271.0
2796,2168.0
2797,2141.0
2798,2176.0
2799,2330.0
2800,2320.0
2801,2269.0
2802,2222.0
2803,2454.0
2804,2364.0
2805,2174.0
2806,1920.0
2807,2107.0
2808,1975.0
2809,1729.0
2810,1871.0
2811,1784.0
2812,1525.0
2813,1614.0
2814,1873.0
2815,2071.0
2816,2367.0
2817,2403.0
2818,2301.0
2819,2302.0
2820,2281.0
2821,2254.0
2822,2185.0
2823,2323.0
2824,2281.0
2825,2283.0
2826,2408.0
2827,2265.0
2828,2156.0
2829,2224.0
2830,2303.0
2831,2288.0
2832,1982.0
2833,2146.0
2834,2214.0
2835,2330.0
2836,2255.0
2837,2261.0
2838,2087.0
2839,2258.0
2840,2244.0
2841,1889.0
2842,2005.0
2843,1721.0
2844,1860.0
2845,1646.0
2846,1536.0
2847,979.0
2848,575.0
2849,685.0
2850,851.0
2851,804.0
2852,1234.0
2853,1724.0
2854,1894.0
2855,2048.0
2856,2272.0
2857,2301.0
2858,2276.0
2859,2168.0
2860,2281.0
2861,2136.0
2862,2301.0
2863,2232.0
2864,2241.0
2865,2313.0
2866,2235.0
2867,2269.0
2868,2404.0
2869,2214.0
2870,2167.0
2871,2194.0
2872,2098.0
2873,2296.0
2874,2180.0
2875,2357.0
2876,2207.0
2877,2327.0
2878,2251.0
2879,2422.0
2880,2115.0
2881,2263.0
2882,2304.0
2883,2336.0
2884,2285.0
2885,2296.0
2886,2278.0
2887,2090.0
2888,2394.0
2889,2217.0
2890,2346.0
2891,2225.0
2892,2271.0
2893,2144.0
2894,2301.0
2895,2318.0
2896,2249.0
2897,2204.0
2898,2345.0
2899,2249.0
2900,2213.0
2901,2115.0
2902,2108.0
2903,1980.0
2904,1918.0
2905,2235.0
2906,2188.0
2907,2004.0
2908,2110.0
2909,2272.0
2910,2223.0
2911,2336.0
2912,2167.0
2913,2116.0
2914,2056.0
2915,2306.0
2916,2315.0
2917,2174.0
2918,2332.0
2919,2341.0
2920,2207.0
2921,2344.0
2922,2258.0
2923,2157.0
2924,2281.0
2925,2402.0
2926,2222.0
2927,2281.0
2928,2343.0
2929,2165.0
2930,2148.0
2931,2144.0
2932,2266.0
2933,2169.0
2934,2018.0
2935,2176.0
2936,2308.0
2937,2245.0
2938,2353.0
2939,2001.0
2940,2235.0
2941,2261.0
2942,2264.0
2943,2287.0
2944,2292.0
2945,2282.0
2946,2142.0
2947,2282.0
2948,2247.0
2949,2211.0
2950,2255.0
2951,2279.0
2952,2237.0
2953,2324.0
2954,2140.0
2955,2242.0
2956,2027.0
2957,2256.0
2958,2196.0
2959,2223.0
2960,2261.0
2961,2195.0
2962,2262.0
2963,2258.0
2964,2195.0
2965,2179.0
2966,2239.0
2967,2203.0
2968,2216.0
2969,2202.0
2970,2192.0
2971,2035.0
2972,2204.0
2973,2312.0
2974,2142.0
2975,2206.0
2976,2193.0
2977,2334.0
2978,2247.0
2979,2201.0
2980,2246.0
2981,1993.0
2982,2165.0
2983,2196.0
2984,2212.0
2985,2225.0
2986,2213.0
2987,2295.0
2988,2341.0
2989,2271.0
2990,2348.0
2991,2103.0
2992,2280.0
2993,2216.0
2994,2370.0
2995,2278.0
2996,2303.0
2997,2357.0
2998,2305.0
2999,2262.0
3000,2345.0
3001,2324.0
3002,2465.0
3003,2286.0
3004,2531.0
3005,2221.0
3006,2510.0
3007,2432.0
3008,2346.0
3009,2324.0
3010,2255.0
3011,2479.0
3012,2404.0
3013,2264.0
3014,2357.0
3015,2107.0
3016,2427.0
3017,2325.0
3018,2318.0
3019,2269.0
3020,1935.0
3021,1675.0
3022,1733.0
3023,1551.0
3024,1098.0
3025,1331.0
3026,1611.0
3027,1993.0
3028,2203.0
3029,2354.0
3030,2195.0
3031,2358.0
3032,2535.0
3033,2428.0
3034,2376.0
3035,2403.0
3036,2388.0
3037,2456.0
3038,2298.0
3039,2506.0
3040,2560.0
3041,2364.0
3042,2229.0
3043,2473.0
3044,2434.0
3045,2294.0
3046,2366.0
3047,2462.0
3048,2481.0
3049,2481.0
3050,2398.0
3051,2491.0
3052,2406.0
3053,2120.0
3054,2011.0
3055,1838.0
3056,2183.0
3057,2162.0
3058,1952.0
3059,2292.0
3060,2435.0
3061,2408.0
3062,2345.0
3063,2266.0
3064,2484.0
3065,2355.0
3066,2396.0
3067,2381.0
3068,2364.0
3069,2446.0
3070,2503.0
3071,2467.0
3072,2336.0
3073,2396.0
3074,2363.0
3075,2427.0
3076,2203.0
3077,2349.0
3078,2258.0
3079,2321.0
3080,2360.0
3081,2393.0
3082,2412.0
3083,2547.0
3084,2427.0
3085,2440.0
3086,2372.0
3087,2269.0
3088,2255.0
3089,2198.0
3090,2031.0
3091,2204.0
3092,2273.0
3093,2099.0
3094,2324.0
3095,2482.0
3096,2456.0
3097,2515.0
3098,2449.0
3099,2383.0
3100,2384.0
3101,2384.0
3102,2436.0
3103,2410.0
3104,2418.0
3105,2306.0
3106,2235.0
3107,2313.0
3108,2343.0
3109,2378.0
3110,2320.0
3111,2125.0
3112,2167.0
3113,2130.0
3114,2245.0
3115,2198.0
3116,1981.0
3117,2222.0
3118,2031.0
3119,2004.0
3120,2350.0
3121,2337.0
3122,2274.0
3123,2377.0
3124,2382.0
3125,2494.0
3126,2447.0
3127,2287.0
3128,2401.0
3129,2487.0
3130,2520.0
3131,2478.0
3132,2406.0
3133,2432.0
3134,2509.0
3135,2342.0
3136,2263.0
3137,2175.0
3138,2070.0
3139,2354.0
3140,2411.0
3141,2364.0
3142,2415.0
3143,2316.0
3144,2386.0
3145,2386.0
3146,2359.0
3147,2322.0
3148,2353.0
3149,2331.0
3150,2415.0
3151,2409.0
3152,2389.0
3153,2398.0
3154,2312.0
3155,2288.0
3156,2347.0
3157,2424.0
3158,2399.0
3159,2468.0
3160,2376.0
3161,2361.0
3162,2249.0
3163,2275.0
3164,2064.0
3165,2169.0
3166,2085.0
3167,2271.0
3168,2281.0
3169,2302.0
3170,2352.0
3171,2324.0
3172,2431.0
3173,2354.0
3174,2401.0
3175,2392.0
3176,2445.0
3177,2265.0
3178,2344.0
3179,2464.0
3180,2383.0
3181,2181.0
3182,2208.0
3183,2313.0
3184,2282.0
3185,2276.0
3186,2330.0
3187,2289.0
3188,2304.0
3189,2189.0
3190,2248.0
3191,2312.0
3192,2342.0
3193,2227.0
3194,1935.0
3195,2043.0
3196,1956.0
3197,2087.0
3198,2095.0
3199,2191.0
3200,2110.0
3201,2282.0
3202,2269.0
3203,2380.0
3204,2410.0
3205,2378.0
3206,2420.0
3207,2483.0
3208,2453.0
3209,2386.0
3210,2347.0
3211,2407.0
3212,2399.0
3213,2356.0
3214,2386.0
3215,2409.0
3216,2422.0
3217,2306.0
3218,2303.0
3219,2295.0
3220,2226.0
3221,2251.0
3222,2225.0
3223,2306.0
3224,2253.0
3225,2269.0
3226,2463.0
3227,2215.0
3228,2275.0
3229,2317.0
3230,2312.0
3231,2420.0
3232,2471.0
3233,2385.0
3234,2445.0
3235,2372.0
3236,2463.0
3237,2481.0
3238,2212.0
3239,2266.0
3240,2180.0
3241,2292.0
3242,2240.0
3243,2463.0
3244,2263.0
3245,2486.0
3246,2458.0
3247,2453.0
3248,2311.0
3249,2374.0
3250,2336.0
3251,2284.0
3252,2338.0
3253,2268.0
3254,2214.0
3255,2147.0
3256,2161.0
3257,2120.0
3258,2223.0
3259,2252.0
3260,2305.0
3261,2339.0
3262,2368.0
3263,2215.0
3264,2165.0
3265,2175.0
3266,2001.0
3267,2126.0
3268,1356.0
3269,1675.0
3270,1353.0
3271,1357.0
3272,1557.0
3273,1362.0
3274,2267.0
3275,2267.0
3276,2281.0
3277,2344.0
3278,2431.0
3279,2394.0
3280,2419.0
3281,2430.0
3282,2419.0
3283,2431.0
3284,2472.0
3285,2528.0
3286,2381.0
3287,2328.0
3288,2345.0
3289,2344.0
3290,2242.0
3291,2010.0
3292,2017.0
3293,2106.0
3294,2292.0
3295,1971.0
3296,2199.0
3297,2238.0
3298,2076.0
3299,2150.0
3300,2208.0
3301,2347.0
3302,2342.0
3303,2378.0
3304,2293.0
3305,2379.0
3306,2347.0
3307,2323.0
3308,2408.0
3309,2470.0
3310,2391.0
3311,2377.0
3312,2379.0
3313,2301.0
3314,2398.0
3315,2413.0
3316,2428.0
3317,2424.0
3318,2318.0
3319,2420.0
3320,2407.0
3321,2489.0
3322,2453.0
3323,2320.0
3324,2333.0
3325,2388.0
3326,2408.0
3327,2324.0
3328,2431.0
3329,2314.0
3330,2400.0
3331,2385.0
3332,2452.0
3333,2423.0
3334,2448.0
3335,2383.0
3336,2404.0
3337,2397.0
3338,2418.0
3339,2279.0
3340,2266.0
3341,2293.0
3342,2325.0
3343,2257.0
3344,2262.0
3345,2309.0
3346,2432.0
3347,2343.0
3348,2409.0
3349,2294.0
3350,2422.0
3351,2409.0
3352,2323.0
3353,2342.0
3354,2333.0
3355,2426.0
3356,2391.0
3357,2172.0
3358,2295.0
3359,2406.0
3360,2465.0
3361,2453.0
3362,2368.0
3363,2418.0
3364,2394.0
3365,2289.0
3366,2263.0
3367,2267.0
3368,2100.0
3369,2445.0
3370,2379.0
3371,2381.0
3372,2380.0
3373,2353.0
3374,2411.0
3375,2333.0
3376,2349.0
3377,2309.0
3378,2372.0
3379,2376.0
3380,2365.0
3381,2306.0
3382,2436.0
3383,2294.0
3384,2345.0
3385,2311.0
3386,2316.0
3387,2382.0
3388,2488.0
3389,2352.0
3390,2416.0
3391,2464.0
3392,2368.0
3393,2214.0
3394,2228.0
3395,2215.0
3396,2182.0
3397,2167.0
3398,2319.0
3399,2303.0
3400,2310.0
3401,2255.0
3402,2189.0
3403,2213.0
3404,2071.0
3405,2035.0
3406,2088.0
3407,2176.0
3408,2072.0
3409,2322.0
3410,2133.0
3411,2402.0
3412,2340.0
3413,2190.0
3414,2160.0
3415,2084.0
3416,2114.0
3417,2041.0
3418,1897.0
3419,1748.0
3420,1601.0
3421,1877.0
3422,2232.0
3423,2214.0
3424,2369.0
3425,2351.0
3426,2475.0
3427,2310.0
3428,2350.0
3429,2368.0
3430,2373.0
3431,2381.0
3432,2378.0
3433,2431.0
3434,2362.0
3435,2466.0
3436,2329.0
3437,2277.0
3438,2394.0
3439,2386.0
3440,2333.0
3441,2348.0
3442,2311.0
3443,2224.0
3444,2327.0
3445,2485.0
3446,2430.0
3447,2331.0
3448,2436.0
3449,2260.0
3450,2389.0
3451,2383.0
3452,2496.0
3453,2451.0
3454,2520.0
3455,2370.0
3456,2286.0
3457,2358.0
3458,2488.0
3459,2368.0
3460,2313.0
3461,2269.0
3462,2393.0
3463,2310.0
3464,2305.0
3465,2441.0
3466,2520.0
3467,2243.0
3468,2377.0
3469,2363.0
3470,2279.0
3471,2351.0
3472,2396.0
3473,2259.0
3474,2262.0
3475,2468.0
3476,2290.0
3477,2224.0
3478,2321.0
3479,2332.0
3480,2295.0
3481,2422.0
3482,2373.0
3483,2298.0
3484,2268.0
3485,2306.0
3486,2406.0
3487,2304.0
3488,2186.0
3489,2344.0
3490,2352.0
3491,2431.0
3492,2375.0
3493,2435.0
3494,2305.0
3495,2276.0
3496,2366.0
3497,2267.0
3498,2259.0
3499,2264.0
3500,2249.0
3501,2255.0
3502,2460.0
3503,2089.0
3504,2256.0
3505,2204.0
3506,2346.0
3507,2273.0
3508,2356.0
3509,2378.0
3510,2345.0
3511,2106.0
3512,2336.0
3513,2132.0
3514,2239.0
3515,2177.0
3516,2112.0
3517,2293.0
3518,2254.0
3519,1990.0
3520,2078.0
3521,2121.0
3522,2204.0
3523,2074.0
3524,1987.0
3525,2183.0
3526,2179.0
3527,2210.0
3528,2126.0
3529,2151.0
3530,2200.0
3531,2149.0
3532,2058.0
3533,2285.0
3534,2100.0
3535,2172.0
3536,2150.0
3537,2186.0
3538,2224.0
3539,2136.0
3540,2393.0
3541,2475.0
3542,2320.0
3543,2256.0
3544,2306.0
3545,2297.0
3546,2286.0
3547,2299.0
3548,2162.0
3549,2260.0
3550,2249.0
3551,2289.0
3552,2329.0
3553,2297.0
3554,2267.0
3555,2290.0
3556,2307.0
3557,2239.0
3558,2243.0
3559,2429.0
3560,2379.0
3561,2359.0
3562,2265.0
3563,2245.0
3564,2389.0
3565,2104.0
3566,2275.0
3567,2309.0
3568,2259.0
3569,2295.0
3570,2193.0
3571,2180.0
3572,2190.0
3573,2204.0
3574,2220.0
3575,2187.0
3576,2152.0
3577,2200.0
3578,2288.0
3579,2111.0
3580,2191.0
3581,2143.0
3582,2265.0
3583,2159.0
3584,2272.0
3585,2236.0
3586,2119.0
3587,2115.0
3588,2062.0
3589,1698.0
3590,1991.0
3591,2084.0
3592,2115.0
3593,2286.0
3594,2136.0
3595,2299.0
3596,2304.0
3597,2277.0
3598,2244.0
3599,2149.0
3600,2155.0
3601,2215.0
3602,2021.0
3603,2151.0
3604,2259.0
3605,2295.0
3606,2176.0
3607,2315.0
3608,2226.0
3609,2302.0
3610,2118.0
3611,2193.0
3612,2171.0
3613,2229.0
3614,2079.0
3615,2312.0
3616,2221.0
3617,2208.0
3618,2180.0
3619,2321.0
3620,2159.0
3621,2153.0
3622,2142.0
3623,2224.0
3624,2183.0
3625,1888.0
3626,1855.0
3627,1487.0
3628,853.0
3629,667.0
3630,765.0
3631,1104.0
3632,1965.0
3633,2211.0
3634,2160.0
3635,2257.0
3636,2331.0
3637,2313.0
3638,2352.0
3639,2240.0
3640,2190.0
3641,2141.0
3642,2320.0
3643,2225.0
3644,2183.0
3645,2058.0
3646,2189.0
3647,2257.0
3648,2134.0
3649,2120.0
3650,2277.0
3651,2298.0
3652,2125.0
3653,2241.0
3654,2180.0
3655,2292.0
3656,2228.0
3657,2162.0
3658,2213.0
3659,2083.0
3660,2015.0
3661,2032.0
3662,1950.0
3663,1903.0
3664,1798.0
3665,2010.0
3666,2179.0
3667,2085.0
3668,2190.0
3669,2037.0
3670,2186.0
3671,2223.0
3672,2186.0
3673,2229.0
3674,2086.0
3675,2184.0
3676,2299.0
3677,2225.0
3678,2255.0
3679,2224.0
3680,2295.0
3681,2244.0
3682,2253.0
3683,2265.0
3684,2208.0
3685,2222.0
3686,2183.0
3687,2232.0
3688,2193.0
3689,2171.0
3690,2249.0
3691,2184.0
3692,2195.0
3693,2251.0
3694,2048.0
3695,2222.0
3696,2102.0
3697,2256.0
3698,2126.0
3699,2189.0
3700,2218.0
3701,2177.0
3702,2207.0
3703,2161.0
3704,2222.0
3705,2274.0
3706,2282.0
3707,2214.0
3708,2330.0
3709,2412.0
3710,2209.0
3711,2214.0
3712,2247.0
3713,2268.0
3714,2306.0
3715,2268.0
3716,2258.0
3717,2193.0
3718,2241.0
3719,2259.0
3720,2241.0
3721,2365.0
3722,2322.0
3723,2253.0
3724,2453.0
3725,2461.0
3726,2285.0
3727,2299.0
3728,2419.0
3729,2501.0
3730,2385.0
3731,2308.0
3732,2283.0
3733,2378.0
3734,2288.0
3735,2409.0
3736,2237.0
3737,2205.0
3738,2374.0
3739,2428.0
3740,2489.0
3741,2436.0
3742,2475.0
3743,2442.0
3744,2465.0
3745,2308.0
3746,2326.0
3747,2196.0
3748,2360.0
3749,2321.0
3750,2291.0
3751,2334.0
3752,2279.0
3753,2402.0
3754,2406.0
3755,2418.0
3756,2387.0
3757,2474.0
3758,2232.0
3759,2350.0
3760,2280.0
3761,2363.0
3762,2289.0
3763,2346.0
3764,2320.0
3765,2337.0
3766,2278.0
3767,2251.0
3768,2281.0
3769,2315.0
3770,2181.0
3771,2236.0
3772,2322.0
3773,2266.0
3774,2145.0
3775,2254.0
3776,2204.0
3777,2369.0
3778,2278.0
3779,2256.0
3780,2393.0
3781,2316.0
3782,2379.0
3783,2270.0
3784,2291.0
3785,2384.0
3786,2295.0
3787,2366.0
3788,2388.0
3789,2313.0
3790,2353.0
3791,2327.0
3792,2343.0
3793,2333.0
3794,2295.0
3795,2413.0
3796,2415.0
3797,2267.0
3798,2210.0
3799,2354.0
3800,2187.0
3801,2263.0
3802,2295.0
3803,2309.0
3804,2280.0
3805,2372.0
3806,2321.0
3807,2302.0
3808,2363.0
3809,2311.0
3810,2308.0
3811,2418.0
3812,2369.0
3813,2346.0
3814,2414.0
3815,2234.0
3816,2351.0
3817,2265.0
3818,2351.0
3819,2297.0
3820,2274.0
3821,2271.0
3822,2328.0
3823,2308.0
3824,2313.0
3825,2489.0
3826,2418.0
3827,2286.0
3828,2435.0
3829,2308.0
3830,2362.0
3831,2253.0
3832,2430.0
3833,2420.0
3834,2420.0
3835,2330.0
3836,2372.0
3837,2317.0
3838,2243.0
3839,2343.0
3840,2326.0
3841,2314.0
3842,2175.0
3843,2160.0
3844,2077.0
3845,2295.0
3846,2089.0
3847,1971.0
3848,1979.0
3849,2134.0
3850,2155.0
3851,2267.0
3852,2300.0
3853,2242.0
3854,2264.0
3855,2342.0
3856,2416.0
3857,2345.0
3858,2317.0
3859,2350.0
3860,2416.0
3861,2287.0
3862,2255.0
3863,2378.0
3864,2367.0
3865,2361.0
3866,2293.0
3867,2223.0
3868,2283.0
3869,2274.0
3870,2245.0
3871,2264.0
3872,2328.0
3873,2258.0
3874,2415.0
3875,2414.0
3876,2391.0
3877,2343.0
3878,2278.0
3879,2346.0
3880,2408.0
3881,2289.0
3882,2345.0
3883,2216.0
3884,2287.0
3885,2384.0
3886,2292.0
3887,2432.0
3888,2295.0
3889,2209.0
3890,2415.0
3891,2274.0
3892,2332.0
3893,2156.0
3894,2202.0
3895,2320.0
3896,2369.0
3897,2172.0
3898,2322.0
3899,2372.0
3900,2240.0
3901,2439.0
3902,2357.0
3903,2349.0
3904,2445.0
3905,2207.0
3906,2363.0
3907,2225.0
3908,2445.0
3909,2359.0
3910,2455.0
3911,2398.0
3912,2425.0
3913,2398.0
3914,2300.0
3915,2385.0
3916,2363.0
3917,2329.0
3918,2317.0
3919,2345.0
3920,2273.0
3921,2427.0
3922,2347.0
3923,2101.0
3924,1856.0
3925,2014.0
3926,2220.0
3927,2173.0
3928,2172.0
3929,2154.0
3930,2343.0
3931,2144.0
3932,2356.0
3933,2323.0
3934,2371.0
3935,2339.0
3936,2296.0
3937,2465.0
3938,2295.0
3939,2402.0
3940,2279.0
3941,2299.0
3942,2339.0
3943,2305.0
3944,2423.0
3945,2458.0
3946,2429.0
3947,2484.0
3948,2412.0
3949,2389.0
3950,2437.0
3951,2415.0
3952,2345.0
3953,2451.0
3954,2264.0
3955,2309.0
3956,2368.0
3957,2281.0
3958,2305.0
3959,2389.0
3960,2394.0
3961,2384.0
3962,2312.0
3963,2339.0
3964,2298.0
3965,2263.0
3966,2323.0
3967,2221.0
3968,2379.0
3969,2408.0
3970,2272.0
3971,2049.0
3972,2150.0
3973,2062.0
3974,2267.0
3975,2244.0
3976,2250.0
3977,2180.0
3978,2200.0
3979,2221.0
3980,2269.0
3981,2182.0
3982,2145.0
3983,2231.0
3984,2044.0
3985,2196.0
3986,2077.0
3987,2085.0
3988,2091.0
3989,2085.0
3990,2101.0
3991,2246.0
3992,2119.0
3993,2253.0
3994,2170.0
3995,2058.0
3996,2231.0
3997,2121.0
3998,2280.0
3999,2189.0
4000,2182.0
4001,2183.0
4002,2092.0
4003,2248.0
4004,2162.0
4005,2140.0
4006,2109.0
4007,2057.0
4008,1995.0
4009,2158.0
4010,2075.0
4011,2078.0
4012,1965.0
4013,2080.0
4014,2058.0
4015,2015.0
4016,2236.0
4017,2239.0
4018,2069.0
4019,2239.0
4020,2293.0
4021,2195.0
4022,2230.0
4023,2205.0
4024,2257.0
4025,2199.0
4026,2145.0
4027,2178.0
4028,2014.0
4029,2125.0
4030,2259.0
4031,2149.0
4032,2330.0
4033,2200.0
4034,2395.0
4035,2348.0
4036,2276.0
4037,2339.0
4038,2185.0
4039,2272.0
4040,2068.0
4041,2103.0
4042,2046.0
4043,2003.0
4044,2138.0
4045,2310.0
4046,2279.0
4047,2375.0
4048,2168.0
4049,2291.0
4050,2211.0
4051,2153.0
4052,2214.0
4053,2054.0
4054,1673.0
4055,2092.0
4056,1840.0
4057,1531.0
4058,1586.0
4059,1028.0
4060,1385.0
4061,1280.0
4062,1165.0
4063,1617.0
4064,1649.0
4065,2071.0
4066,2302.0
4067,2285.0
4068,2336.0
4069,2271.0
4070,2362.0
4071,2424.0
4072,2269.0
4073,2152.0
4074,2337.0
4075,2348.0
4076,2260.0
4077,2349.0
4078,2294.0
4079,2348.0
4080,2427.0
4081,2229.0
4082,2351.0
4083,2183.0
4084,2303.0
4085,2201.0
4086,2180.0
4087,2182.0
4088,2423.0
4089,2087.0
4090,2364.0
4091,2341.0
4092,2328.0
4093,2265.0
4094,2238.0
4095,2224.0
4096,2417.0
4097,2282.0
4098,2210.0
4099,2246.0
4100,2287.0
4101,2260.0
4102,2265.0
4103,2365.0
4104,2075.0
4105,2195.0
4106,2221.0
4107,1974.0
4108,2210.0
4109,2017.0
4110,2283.0
4111,1948.0
4112,2019.0
4113,2122.0
4114,2201.0
4115,2286.0
4116,2367.0
4117,2341.0
4118,2322.0
4119,2392.0
4120,2316.0
4121,2207.0
4122,2226.0
4123,2149.0
4124,2212.0
4125,2278.0
4126,2237.0
4127,2211.0
4128,2186.0
4129,2146.0
4130,2158.0
4131,2238.0
4132,2302.0
4133,2087.0
4134,2182.0
4135,2227.0
4136,2255.0
4137,2235.0
4138,2253.0
4139,2155.0
4140,2153.0
4141,2141.0
4142,2250.0
4143,2235.0
4144,2172.0
4145,2243.0
4146,2054.0
4147,2219.0
4148,2124.0
4149,2108.0
4150,2178.0
4151,2150.0
4152,2347.0
4153,2290.0
4154,2100.0
4155,2403.0
4156,2231.0
4157,2344.0
4158,2111.0
4159,2077.0
4160,2095.0
4161,2071.0
4162,2189.0
4163,2260.0
4164,2161.0
4165,2145.0
4166,2120.0
4167,2016.0
4168,2151.0
4169,2068.0
4170,2067.0
4171,2244.0
4172,2159.0
4173,2159.0
4174,2284.0
4175,2261.0
4176,2227.0
4177,2188.0
4178,2262.0
4179,2276.0
4180,2116.0
4181,2266.0
4182,2345.0
4183,2176.0
4184,2195.0
4185,2254.0
4186,2217.0
4187,2197.0
4188,2185.0
4189,2137.0
4190,2140.0
4191,2246.0
4192,2088.0
4193,2301.0
4194,2350.0
4195,2174.0
4196,2107.0
4197,2129.0
4198,2217.0
4199,2076.0
4200,2097.0
4201,2273.0
4202,2242.0
4203,2236.0
4204,2243.0
4205,2281.0
4206,2243.0
4207,2102.0
4208,2174.0
4209,2209.0
4210,2140.0
4211,2123.0
4212,2176.0
4213,2110.0
4214,2170.0
4215,2270.0
4216,2228.0
4217,1831.0
4218,1470.0
4219,1530.0
4220,1460.0
4221,1031.0
4222,895.0
4223,1878.0
4224,2171.0
4225,1963.0
4226,1932.0
4227,2099.0
4228,2233.0
4229,2223.0
4230,2225.0
4231,2249.0
4232,2277.0
4233,2321.0
4234,2060.0
4235,1882.0
4236,1921.0
4237,1932.0
4238,1963.0
4239,1963.0
4240,2191.0
4241,2320.0
4242,2030.0
4243,2152.0
4244,2266.0
4245,2195.0
4246,2117.0
4247,2180.0
4248,2249.0
4249,2215.0
4250,2117.0
4251,2240.0
4252,2126.0
4253,2186.0
4254,2234.0
4255,2236.0
4256,2099.0
4257,2241.0
4258,2233.0
4259,2156.0
4260,2128.0
4261,2234.0
4262,2113.0
4263,2128.0
4264,2176.0
4265,2179.0
4266,2227.0
4267,2267.0
4268,2157.0
4269,2267.0
4270,2269.0
4271,2081.0
4272,2208.0
4273,2135.0
4274,2039.0
4275,2234.0
4276,2086.0
4277,2056.0
4278,2269.0
4279,2225.0
4280,2289.0
4281,2116.0
4282,2230.0
4283,2263.0
4284,2158.0
4285,2216.0
4286,2211.0
4287,2215.0
4288,2121.0
4289,2154.0
4290,2202.0
4291,2190.0
4292,2308.0
4293,2230.0
4294,2186.0
4295,2227.0
4296,2207.0
4297,2243.0
4298,2003.0
4299,2166.0
4300,2200.0
4301,2195.0
4302,2087.0
4303,2066.0
4304,2294.0
4305,2069.0
4306,2245.0
4307,2233.0
4308,2246.0
4309,2239.0
4310,2263.0
4311,2248.0
4312,2247.0
4313,2115.0
4314,2203.0
4315,2201.0
4316,2229.0
4317,2207.0
4318,2213.0
4319,2173.0
4320,2018.0
4321,2075.0
4322,2205.0
4323,2160.0
4324,2045.0
4325,1946.0
4326,1956.0
4327,1811.0
4328,1752.0
4329,2037.0
4330,2255.0
4331,2207.0
4332,2259.0
4333,2190.0
4334,2245.0
4335,2142.0
4336,2284.0
4337,2250.0
4338,2322.0
4339,2263.0
4340,2264.0
4341,2255.0
4342,2098.0
4343,2263.0
4344,2317.0
4345,2218.0
4346,2309.0
4347,2292.0
4348,2193.0
4349,2217.0
4350,2386.0
4351,2280.0
4352,2153.0
4353,2212.0
4354,2331.0
4355,2197.0
4356,2143.0
4357,2246.0
4358,2123.0
4359,2267.0
4360,2358.0
4361,2240.0
4362,2214.0
4363,2207.0
4364,2224.0
4365,2163.0
4366,2320.0
4367,2225.0
4368,2271.0
4369,2363.0
4370,2158.0
4371,2255.0
4372,2221.0
4373,2260.0
4374,2216.0
4375,2178.0
4376,2225.0
4377,2184.0
4378,2317.0
4379,2275.0
4380,2225.0
4381,2205.0
4382,2169.0
4383,2192.0
4384,2200.0
4385,2198.0
4386,2083.0
4387,2275.0
4388,2265.0
4389,2191.0
4390,2183.0
4391,2279.0
4392,2244.0
4393,2196.0
4394,2312.0
4395,2213.0
4396,2162.0
4397,2347.0
4398,2342.0
4399,2195.0
4400,2324.0
4401,2332.0
4402,2269.0
4403,2245.0
4404,2235.0
4405,2262.0
4406,2280.0
4407,2383.0
4408,2377.0
4409,2263.0
4410,2210.0
4411,2404.0
4412,2291.0
4413,2318.0
4414,2297.0
4415,2329.0
4416,2250.0
4417,2383.0
4418,2399.0
4419,2361.0
4420,2255.0
4421,2270.0
4422,2265.0
4423,2278.0
4424,2345.0
4425,2267.0
4426,2194.0
4427,2286.0
4428,2336.0
4429,2249.0
4430,2194.0
4431,2196.0
4432,2152.0
4433,2246.0
4434,2173.0
4435,2142.0
4436,2315.0
4437,2211.0
4438,2235.0
4439,2155.0
4440,2247.0
4441,2229.0
4442,2194.0
4443,2258.0
4444,2332.0
4445,2239.0
4446,2230.0
4447,2333.0
4448,2324.0
4449,2353.0
4450,2254.0
4451,2219.0
4452,2293.0
4453,2291.0
4454,2233.0
4455,2279.0
4456,2197.0
4457,2315.0
4458,2236.0
4459,2216.0
4460,2218.0
4461,2171.0
4462,2146.0
4463,2280.0
4464,2334.0
4465,2205.0
4466,2208.0
4467,2302.0
4468,2258.0
4469,2278.0
4470,2330.0
4471,2274.0
4472,2314.0
4473,2328.0
4474,2336.0
4475,2411.0
4476,2433.0
4477,2188.0
4478,2301.0
4479,2252.0
4480,2181.0
4481,2366.0
4482,2410.0
4483,2341.0
4484,2327.0
4485,2377.0
4486,2372.0
4487,2454.0
4488,2419.0
4489,2412.0
4490,2441.0
4491,2394.0
4492,2383.0
4493,2446.0
4494,2225.0
4495,2365.0
4496,2340.0
4497,2323.0
4498,2384.0
4499,2306.0
4500,2453.0
4501,2405.0
4502,2429.0
4503,2464.0
4504,2485.0
4505,2367.0
4506,2430.0
4507,2494.0
4508,2446.0
4509,2410.0
4510,2361.0
4511,2381.0
4512,2258.0
4513,2213.0
4514,2296.0
4515,2329.0
4516,2278.0
4517,2266.0
4518,2392.0
4519,2350.0
4520,2318.0
4521,2305.0
4522,2351.0
4523,2255.0
4524,2306.0
4525,2314.0
4526,2309.0
4527,2255.0
4528,2291.0
4529,2375.0
4530,2292.0
4531,2495.0
4532,2418.0
4533,2499.0
4534,2356.0
4535,2480.0
4536,2348.0
4537,2301.0
4538,2387.0
4539,2273.0
4540,2476.0
4541,2334.0
4542,2406.0
4543,2352.0
4544,2391.0
4545,2354.0
4546,2355.0
4547,2349.0
4548,2346.0
4549,2404.0
4550,2315.0
4551,2295.0
4552,2282.0
4553,2314.0
4554,2236.0
4555,2201.0
4556,2263.0
4557,2315.0
4558,2263.0
4559,2283.0
4560,2267.0
4561,2282.0
4562,2343.0
4563,2296.0
4564,2312.0
4565,2260.0
4566,2393.0
4567,2338.0
4568,2398.0
4569,2349.0
4570,2475.0
4571,2367.0
4572,2353.0
4573,2463.0
4574,2436.0
4575,2397.0
4576,2475.0
4577,2359.0
4578,2367.0
4579,2355.0
4580,2395.0
4581,2348.0
4582,2301.0
4583,2265.0
4584,2326.0
4585,2332.0
4586,2201.0
4587,2261.0
4588,2283.0
4589,2326.0
4590,2292.0
4591,2264.0
4592,2253.0
4593,2238.0
4594,2266.0
4595,2232.0
4596,2103.0
4597,1996.0
4598,1980.0
4599,2039.0
4600,1977.0
4601,1839.0
4602,1906.0
4603,2143.0
4604,2239.0
4605,2205.0
4606,2217.0
4607,2342.0
4608,2359.0
4609,2364.0
4610,2302.0
4611,2359.0
4612,2316.0
4613,2332.0
4614,2278.0
4615,2329.0
4616,2303.0
4617,2332.0
4618,2304.0
4619,2309.0
4620,2331.0
4621,2261.0
4622,2180.0
4623,2291.0
4624,2235.0
4625,2258.0
4626,2247.0
4627,2152.0
4628,2009.0
4629,2104.0
4630,2113.0
4631,1708.0
4632,1537.0
4633,1333.0
4634,1525.0
4635,1456.0
4636,1560.0
4637,1905.0
4638,2212.0
4639,2217.0
4640,2240.0
4641,2354.0
4642,2282.0
4643,2317.0
4644,2379.0
4645,2330.0
4646,2422.0
4647,2368.0
4648,2424.0
4649,2342.0
4650,2404.0
4651,2437.0
4652,2458.0
4653,2398.0
4654,2389.0
4655,2437.0
4656,2442.0
4657,2462.0
4658,2426.0
4659,2412.0
4660,2356.0
4661,2375.0
4662,2337.0
4663,2333.0
4664,2305.0
4665,2309.0
4666,2306.0
4667,2244.0
4668,2255.0
4669,2279.0
4670,2293.0
4671,2218.0
4672,2211.0
4673,2254.0
4674,2253.0
4675,2255.0
4676,2232.0
4677,2212.0
4678,2328.0
4679,2330.0
4680,2201.0
4681,2334.0
4682,2289.0
4683,2224.0
4684,2224.0
4685,2238.0
4686,2258.0
4687,2212.0
4688,2263.0
4689,2258.0
4690,2278.0
4691,2309.0
4692,2215.0
4693,2276.0
4694,2411.0
4695,2326.0
4696,2346.0
4697,2359.0
4698,2413.0
4699,2340.0
4700,2420.0
4701,2480.0
4702,2375.0
4703,2348.0
4704,2405.0
4705,2355.0
4706,2403.0
4707,2289.0
4708,2266.0
4709,2384.0
4710,2392.0
4711,2406.0
4712,2455.0
4713,2402.0
4714,2386.0
4715,2363.0
4716,2384.0
4717,2380.0
4718,2310.0
4719,2435.0
4720,2397.0
4721,2296.0
4722,2384.0
4723,2454.0
4724,2433.0
4725,2392.0
4726,2419.0
4727,2420.0
4728,2412.0
4729,2460.0
4730,2331.0
4731,2385.0
4732,2410.0
4733,2487.0
4734,2462.0
4735,2432.0
4736,2322.0
4737,2229.0
4738,2371.0
4739,2450.0
4740,2312.0
4741,2316.0
4742,2343.0
4743,2241.0
4744,2170.0
4745,2341.0
4746,2213.0
4747,2378.0
4748,2389.0
4749,2418.0
4750,2455.0
4751,2406.0
4752,2453.0
4753,2463.0
4754,2406.0
4755,2356.0
4756,2162.0
4757,2329.0
4758,2447.0
4759,2493.0
4760,2359.0
4761,2476.0
4762,2305.0
4763,2364.0
4764,2387.0
4765,2202.0
4766,2237.0
4767,2377.0
4768,2355.0
4769,2484.0
4770,2450.0
4771,2429.0
4772,2307.0
4773,2372.0
4774,2299.0
4775,2284.0
4776,2299.0
4777,2361.0
4778,2381.0
4779,2405.0
4780,2304.0
4781,2501.0
4782,2404.0
4783,2404.0
4784,2365.0
4785,2315.0
4786,2336.0
4787,2435.0
4788,2474.0
4789,2447.0
4790,2289.0
4791,2431.0
4792,2340.0
4793,2269.0
4794,2309.0
4795,2142.0
4796,2095.0
4797,1889.0
4798,2092.0
4799,1865.0
4800,2218.0
4801,2049.0
4802,2124.0
4803,2177.0
4804,2278.0
4805,2286.0
4806,2295.0
4807,2316.0
4808,2463.0
4809,2320.0
4810,2427.0
4811,2389.0
4812,2349.0
4813,2333.0
4814,2305.0
4815,2334.0
4816,2395.0
4817,2279.0
4818,2387.0
4819,2352.0
4820,2396.0
4821,2421.0
4822,2414.0
4823,2378.0
4824,2393.0
4825,2330.0
4826,2441.0
4827,2313.0
4828,2326.0
4829,2230.0
4830,2328.0
4831,2309.0
4832,2480.0
4833,2296.0
4834,2288.0
4835,2334.0
4836,2288.0
4837,2400.0
4838,2417.0
4839,2347.0
4840,2497.0
4841,2261.0
4842,2225.0
4843,2359.0
4844,2397.0
4845,2424.0
4846,2474.0
4847,2352.0
4848,2353.0
4849,2422.0
4850,2533.0
4851,2414.0
4852,2301.0
4853,2410.0
4854,2277.0
4855,2499.0
4856,2311.0
4857,2321.0
4858,2332.0
4859,2166.0
4860,2229.0
4861,2189.0
4862,2327.0
4863,2339.0
4864,2388.0
4865,2300.0
4866,2281.0
4867,2460.0
4868,2400.0
4869,2384.0
4870,2437.0
4871,2540.0
4872,2326.0
4873,2340.0
4874,2330.0
4875,2349.0
4876,2286.0
4877,2362.0
4878,2246.0
4879,2307.0
4880,2328.0
4881,2252.0
4882,2219.0
4883,2308.0
4884,2263.0
4885,2273.0
4886,2263.0
4887,2207.0
4888,1986.0
4889,1700.0
4890,1925.0
4891,1917.0
4892,1452.0
4893,1179.0
4894,1150.0
4895,1365.0
4896,1778.0
4897,1948.0
4898,2233.0
4899,2211.0
4900,2305.0
4901,2301.0
4902,2328.0
4903,2355.0
4904,2302.0
4905,2316.0
4906,2337.0
4907,2300.0
4908,2346.0
4909,2323.0
4910,2345.0
4911,2360.0
4912,2379.0
4913,2291.0
4914,2333.0
4915,2234.0
4916,2308.0
4917,2243.0
4918,2289.0
4919,2258.0
4920,2285.0
4921,2095.0
4922,2005.0
4923,1948.0
4924,2004.0
4925,1672.0
4926,1892.0
4927,1730.0
4928,1742.0
4929,1912.0
4930,1940.0
4931,2266.0
4932,2365.0
4933,2324.0
4934,2335.0
4935,2344.0
4936,2284.0
4937,2294.0
4938,2382.0
4939,2387.0
4940,2344.0
4941,2387.0
4942,2424.0
4943,2391.0
4944,2391.0
4945,2412.0
4946,2500.0
4947,2388.0
4948,2177.0
4949,2405.0
4950,2449.0
4951,2397.0
4952,2442.0
4953,2366.0
4954,2288.0
4955,2141.0
4956,2343.0
4957,2456.0
4958,2383.0
4959,2415.0
4960,2265.0
4961,2234.0
4962,2315.0
4963,2308.0
4964,2303.0
4965,2300.0
4966,2266.0
4967,2182.0
4968,2206.0
4969,2302.0
4970,2353.0
4971,2257.0
4972,2320.0
4973,2285.0
4974,2346.0
4975,2234.0
4976,2312.0
4977,2235.0
4978,2341.0
4979,2384.0
4980,2291.0
4981,2237.0
4982,2350.0
4983,2317.0
4984,2254.0
4985,2459.0
4986,2371.0
4987,2484.0
4988,2246.0
4989,2495.0
4990,2297.0
4991,2230.0
4992,2392.0
4993,2246.0
4994,2230.0
4995,2096.0
4996,1900.0
4997,1980.0
4998,2191.0
4999,2295.0
5000,2238.0
5001,2187.0
5002,2290.0
5003,2065.0
5004,2379.0
5005,2449.0
5006,2358.0
5007,2393.0
5008,2439.0
5009,2466.0
5010,2508.0
5011,2444.0
5012,2427.0
5013,2502.0
5014,2351.0
5015,2363.0
5016,2268.0
5017,2198.0
5018,2049.0
5019,2204.0
5020,1955.0
5021,1591.0
5022,1861.0
5023,1782.0
5024,1589.0
5025,1697.0
5026,2023.0
5027,2220.0
5028,2122.0
5029,2250.0
5030,2330.0
5031,2205.0
5032,2356.0
5033,2330.0
5034,2409.0
5035,2322.0
5036,2320.0
5037,2270.0
5038,2267.0
5039,2239.0
5040,1932.0
5041,1850.0
5042,2079.0
5043,1869.0
5044,1902.0
5045,2043.0
5046,2254.0
5047,2106.0
5048,2214.0
5049,2222.0
5050,2168.0
5051,2123.0
5052,1987.0
5053,2377.0
5054,2233.0
5055,2239.0
5056,2182.0
5057,1689.0
5058,1375.0
5059,1354.0
5060,1050.0
5061,1199.0
5062,1104.0
5063,1518.0
5064,2191.0
5065,2151.0
5066,2280.0
5067,2368.0
5068,2311.0
5069,2289.0
5070,2377.0
5071,2344.0
5072,2335.0
5073,2326.0
5074,2364.0
5075,2333.0
5076,2402.0
5077,2305.0
5078,2278.0
5079,2381.0
5080,2331.0
5081,2292.0
5082,2392.0
5083,2367.0
5084,2278.0
5085,2220.0
5086,2140.0
5087,2401.0
5088,2368.0
5089,2340.0
5090,2370.0
5091,2425.0
5092,2434.0
5093,2215.0
5094,2237.0
5095,2248.0
5096,2126.0
5097,2094.0
5098,2157.0
5099,2131.0
5100,2157.0
5101,2309.0
5102,2339.0
5103,2269.0
5104,2378.0
5105,2378.0
5106,2398.0
5107,2278.0
5108,2263.0
5109,2286.0
5110,2339.0
5111,2318.0
5112,2200.0
5113,2175.0
5114,2219.0
5115,2274.0
5116,2373.0
5117,2273.0
5118,2380.0
5119,2336.0
5120,2323.0
5121,2454.0
5122,2422.0
5123,2324.0
5124,2348.0
5125,2364.0
5126,2369.0
5127,2330.0
5128,2311.0
5129,2259.0
5130,2265.0
5131,2281.0
5132,2477.0
5133,2360.0
5134,2346.0
5135,2429.0
5136,2420.0
5137,2288.0
5138,2294.0
5139,2299.0
5140,2319.0
5141,2359.0
5142,2308.0
5143,2253.0
5144,2275.0
5145,2321.0
5146,2352.0
5147,2318.0
5148,2332.0
5149,2329.0
5150,2437.0
5151,2353.0
5152,2324.0
5153,2415.0
5154,2372.0
5155,2391.0
5156,2439.0
5157,2464.0
5158,2371.0
5159,2415.0
5160,2440.0
5161,2367.0
5162,2400.0
5163,2350.0
5164,2334.0
5165,2505.0
5166,2434.0
5167,2472.0
5168,2438.0
5169,2452.0
5170,2465.0
5171,2471.0
5172,2514.0
5173,2340.0
5174,2469.0
5175,2423.0
5176,2375.0
5177,2422.0
5178,2358.0
5179,2318.0
5180,2343.0
5181,2366.0
5182,2341.0
5183,2388.0
5184,2350.0
5185,2431.0
5186,2416.0
5187,2459.0
5188,2365.0
5189,2413.0
5190,2439.0
5191,2392.0
5192,2404.0
5193,2335.0
5194,2275.0
5195,2343.0
5196,2260.0
5197,2295.0
5198,2342.0
5199,2344.0
